,ParticleId,Result:0,Result:1,Result:2
0,0,0.2,0.2,0.3
1,1,0.2,0.2,0.1
2,2,0.206407,0.2,0.299795
3,3,0.212788,0.2,0.299179
4,4,0.219116,0.2,0.298156
5,5,0.225365,0.2,0.296729
6,6,0.231511,0.2,0.294906
7,7,0.237527,0.2,0.292692
8,8,0.243388,0.2,0.290097
9,9,0.249072,0.2,0.287132
10,10,0.254553,0.2,0.283809
11,11,0.259811,0.2,0.280141
12,12,0.264823,0.2,0.276145
13,13,0.269568,0.2,0.271835
14,14,0.274028,0.2,0.26723
15,15,0.278183,0.2,0.262349
16,16,0.282017,0.2,0.257212
17,17,0.285514,0.2,0.251839
18,18,0.28866,0.2,0.246254
19,19,0.291441,0.2,0.240478
20,20,0.293847,0.2,0.234536
21,21,0.295867,0.2,0.228453
22,22,0.297493,0.2,0.222252
23,23,0.298718,0.2,0.21596
24,24,0.299538,0.2,0.209602
25,25,0.299949,0.2,0.203205
26,26,0.299949,0.2,0.196795
27,27,0.299538,0.2,0.190398
28,28,0.298718,0.2,0.18404
29,29,0.297493,0.2,0.177748
30,30,0.295867,0.2,0.171547
31,31,0.293847,0.2,0.165463
32,32,0.291441,0.2,0.159522
33,33,0.28866,0.2,0.153746
34,34,0.285514,0.2,0.148161
35,35,0.282017,0.2,0.142788
36,36,0.278183,0.2,0.137651
37,37,0.274028,0.2,0.13277
38,38,0.269568,0.2,0.128165
39,39,0.264823,0.2,0.123855
40,40,0.259811,0.2,0.119859
41,41,0.254553,0.2,0.116191
42,42,0.249072,0.2,0.112868
43,43,0.243388,0.2,0.109903
44,44,0.237527,0.2,0.107308
45,45,0.231511,0.2,0.105094
46,46,0.225365,0.2,0.103271
47,47,0.219116,0.2,0.101844
48,48,0.212788,0.2,0.100821
49,49,0.206407,0.2,0.100205
50,50,0.206356,0.200803,0.299795
51,51,0.212687,0.201603,0.299179
52,52,0.218965,0.202396,0.298156
53,53,0.225165,0.203179,0.296729
54,54,0.231262,0.203949,0.294906
55,55,0.237231,0.204703,0.292692
56,56,0.243046,0.205438,0.290097
57,57,0.248685,0.20615,0.287132
58,58,0.254123,0.206837,0.283809
59,59,0.259339,0.207496,0.280141
60,60,0.264312,0.208124,0.276145
61,61,0.26902,0.208719,0.271835
62,62,0.273444,0.209278,0.26723
63,63,0.277567,0.209799,0.262349
64,64,0.28137,0.210279,0.257212
65,65,0.28484,0.210718,0.251839
66,66,0.287961,0.211112,0.246254
67,67,0.29072,0.211461,0.240478
68,68,0.293107,0.211762,0.234536
69,69,0.295111,0.212015,0.228453
70,70,0.296724,0.212219,0.222252
71,71,0.29794,0.212373,0.21596
72,72,0.298753,0.212475,0.209602
73,73,0.299161,0.212527,0.203205
74,74,0.299161,0.212527,0.196795
75,75,0.298753,0.212475,0.190398
76,76,0.29794,0.212373,0.18404
77,77,0.296724,0.212219,0.177748
78,78,0.295111,0.212015,0.171547
79,79,0.293107,0.211762,0.165463
80,80,0.29072,0.211461,0.159522
81,81,0.287961,0.211112,0.153746
82,82,0.28484,0.210718,0.148161
83,83,0.28137,0.210279,0.142788
84,84,0.277567,0.209799,0.137651
85,85,0.273444,0.209278,0.13277
86,86,0.26902,0.208719,0.128165
87,87,0.264312,0.208124,0.123855
88,88,0.259339,0.207496,0.119859
89,89,0.254123,0.206837,0.116191
90,90,0.248685,0.20615,0.112868
91,91,0.243046,0.205438,0.109903
92,92,0.237231,0.204703,0.107308
93,93,0.231262,0.203949,0.105094
94,94,0.225165,0.203179,0.103271
95,95,0.218965,0.202396,0.101844
96,96,0.212687,0.201603,0.100821
97,97,0.206356,0.200803,0.100205
98,98,0.206206,0.201593,0.299795
99,99,0.212386,0.20318,0.299179
100,100,0.218515,0.204754,0.298156
101,101,0.224569,0.206308,0.296729
102,102,0.230521,0.207836,0.294906
103,103,0.236348,0.209333,0.292692
104,104,0.242025,0.21079,0.290097
105,105,0.24753,0.212204,0.287132
106,106,0.25284,0.213567,0.283809
107,107,0.257932,0.214874,0.280141
108,108,0.262786,0.216121,0.276145
109,109,0.267383,0.217301,0.271835
110,110,0.271702,0.21841,0.26723
111,111,0.275727,0.219443,0.262349
112,112,0.27944,0.220397,0.257212
113,113,0.282828,0.221267,0.251839
114,114,0.285875,0.222049,0.246254
115,115,0.288568,0.222741,0.240478
116,116,0.290898,0.223339,0.234536
117,117,0.292855,0.223841,0.228453
118,118,0.29443,0.224245,0.222252
119,119,0.295617,0.22455,0.21596
120,120,0.296411,0.224754,0.209602
121,121,0.296809,0.224856,0.203205
122,122,0.296809,0.224856,0.196795
123,123,0.296411,0.224754,0.190398
124,124,0.295617,0.22455,0.18404
125,125,0.29443,0.224245,0.177748
126,126,0.292855,0.223841,0.171547
127,127,0.290898,0.223339,0.165463
128,128,0.288568,0.222741,0.159522
129,129,0.285875,0.222049,0.153746
130,130,0.282828,0.221267,0.148161
131,131,0.27944,0.220397,0.142788
132,132,0.275727,0.219443,0.137651
133,133,0.271702,0.21841,0.13277
134,134,0.267383,0.217301,0.128165
135,135,0.262786,0.216121,0.123855
136,136,0.257932,0.214874,0.119859
137,137,0.25284,0.213567,0.116191
138,138,0.24753,0.212204,0.112868
139,139,0.242025,0.21079,0.109903
140,140,0.236348,0.209333,0.107308
141,141,0.230521,0.207836,0.105094
142,142,0.224569,0.206308,0.103271
143,143,0.218515,0.204754,0.101844
144,144,0.212386,0.20318,0.100821
145,145,0.206206,0.201593,0.100205
146,146,0.205957,0.202359,0.299795
147,147,0.21189,0.204707,0.299179
148,148,0.217773,0.207037,0.298156
149,149,0.223584,0.209338,0.296729
150,150,0.229298,0.2116,0.294906
151,151,0.234891,0.213814,0.292692
152,152,0.240341,0.215972,0.290097
153,153,0.245626,0.218065,0.287132
154,154,0.250723,0.220082,0.283809
155,155,0.255611,0.222018,0.280141
156,156,0.260271,0.223863,0.276145
157,157,0.264683,0.22561,0.271835
158,158,0.268829,0.227251,0.26723
159,159,0.272693,0.228781,0.262349
160,160,0.276258,0.230193,0.257212
161,161,0.279509,0.23148,0.251839
162,162,0.282434,0.232638,0.246254
163,163,0.28502,0.233662,0.240478
164,164,0.287257,0.234547,0.234536
165,165,0.289135,0.235291,0.228453
166,166,0.290646,0.235889,0.222252
167,167,0.291786,0.236341,0.21596
168,168,0.292548,0.236642,0.209602
169,169,0.29293,0.236794,0.203205
170,170,0.29293,0.236794,0.196795
171,171,0.292548,0.236642,0.190398
172,172,0.291786,0.236341,0.18404
173,173,0.290646,0.235889,0.177748
174,174,0.289135,0.235291,0.171547
175,175,0.287257,0.234547,0.165463
176,176,0.28502,0.233662,0.159522
177,177,0.282434,0.232638,0.153746
178,178,0.279509,0.23148,0.148161
179,179,0.276258,0.230193,0.142788
180,180,0.272693,0.228781,0.137651
181,181,0.268829,0.227251,0.13277
182,182,0.264683,0.22561,0.128165
183,183,0.260271,0.223863,0.123855
184,184,0.255611,0.222018,0.119859
185,185,0.250723,0.220082,0.116191
186,186,0.245626,0.218065,0.112868
187,187,0.240341,0.215972,0.109903
188,188,0.234891,0.213814,0.107308
189,189,0.229298,0.2116,0.105094
190,190,0.223584,0.209338,0.103271
191,191,0.217773,0.207037,0.101844
192,192,0.21189,0.204707,0.100821
193,193,0.205957,0.202359,0.100205
194,194,0.205615,0.203087,0.299795
195,195,0.211206,0.206161,0.299179
196,196,0.216751,0.209209,0.298156
197,197,0.222228,0.21222,0.296729
198,198,0.227613,0.21518,0.294906
199,199,0.232885,0.218079,0.292692
200,200,0.238022,0.220903,0.290097
201,201,0.243002,0.223641,0.287132
202,202,0.247806,0.226281,0.283809
203,203,0.252413,0.228814,0.280141
204,204,0.256805,0.231229,0.276145
205,205,0.260963,0.233515,0.271835
206,206,0.264871,0.235663,0.26723
207,207,0.268512,0.237665,0.262349
208,208,0.271872,0.239512,0.257212
209,209,0.274937,0.241197,0.251839
210,210,0.277693,0.242712,0.246254
211,211,0.280131,0.244052,0.240478
212,212,0.282239,0.245211,0.234536
213,213,0.284009,0.246184,0.228453
214,214,0.285434,0.246968,0.222252
215,215,0.286507,0.247558,0.21596
216,216,0.287226,0.247953,0.209602
217,217,0.287586,0.248151,0.203205
218,218,0.287586,0.248151,0.196795
219,219,0.287226,0.247953,0.190398
220,220,0.286507,0.247558,0.18404
221,221,0.285434,0.246968,0.177748
222,222,0.284009,0.246184,0.171547
223,223,0.282239,0.245211,0.165463
224,224,0.280131,0.244052,0.159522
225,225,0.277693,0.242712,0.153746
226,226,0.274937,0.241197,0.148161
227,227,0.271872,0.239512,0.142788
228,228,0.268512,0.237665,0.137651
229,229,0.264871,0.235663,0.13277
230,230,0.260963,0.233515,0.128165
231,231,0.256805,0.231229,0.123855
232,232,0.252413,0.228814,0.119859
233,233,0.247806,0.226281,0.116191
234,234,0.243002,0.223641,0.112868
235,235,0.238022,0.220903,0.109903
236,236,0.232885,0.218079,0.107308
237,237,0.227613,0.21518,0.105094
238,238,0.222228,0.21222,0.103271
239,239,0.216751,0.209209,0.101844
240,240,0.211206,0.206161,0.100821
241,241,0.205615,0.203087,0.100205
242,242,0.205183,0.203766,0.299795
243,243,0.210345,0.207516,0.299179
244,244,0.215465,0.211236,0.298156
245,245,0.220521,0.214909,0.296729
246,246,0.225493,0.218522,0.294906
247,247,0.23036,0.222058,0.292692
248,248,0.235102,0.225503,0.290097
249,249,0.2397,0.228844,0.287132
250,250,0.244135,0.232066,0.283809
251,251,0.248388,0.235156,0.280141
252,252,0.252443,0.238102,0.276145
253,253,0.256282,0.240891,0.271835
254,254,0.25989,0.243512,0.26723
255,255,0.263251,0.245955,0.262349
256,256,0.266353,0.248209,0.257212
257,257,0.269183,0.250264,0.251839
258,258,0.271727,0.252113,0.246254
259,259,0.273978,0.253748,0.240478
260,260,0.275924,0.255162,0.234536
261,261,0.277558,0.256349,0.228453
262,262,0.278873,0.257305,0.222252
263,263,0.279865,0.258025,0.21596
264,264,0.280528,0.258507,0.209602
265,265,0.28086,0.258748,0.203205
266,266,0.28086,0.258748,0.196795
267,267,0.280528,0.258507,0.190398
268,268,0.279865,0.258025,0.18404
269,269,0.278873,0.257305,0.177748
270,270,0.277558,0.256349,0.171547
271,271,0.275924,0.255162,0.165463
272,272,0.273978,0.253748,0.159522
273,273,0.271727,0.252113,0.153746
274,274,0.269183,0.250264,0.148161
275,275,0.266353,0.248209,0.142788
276,276,0.263251,0.245955,0.137651
277,277,0.25989,0.243512,0.13277
278,278,0.256282,0.240891,0.128165
279,279,0.252443,0.238102,0.123855
280,280,0.248388,0.235156,0.119859
281,281,0.244135,0.232066,0.116191
282,282,0.2397,0.228844,0.112868
283,283,0.235102,0.225503,0.109903
284,284,0.23036,0.222058,0.107308
285,285,0.225493,0.218522,0.105094
286,286,0.220521,0.214909,0.103271
287,287,0.215465,0.211236,0.101844
288,288,0.210345,0.207516,0.100821
289,289,0.205183,0.203766,0.100205
290,290,0.204671,0.204386,0.299795
291,291,0.209322,0.208754,0.299179
292,292,0.213935,0.213086,0.298156
293,293,0.218491,0.217364,0.296729
294,294,0.22297,0.221571,0.294906
295,295,0.227356,0.225689,0.292692
296,296,0.231629,0.229701,0.290097
297,297,0.235772,0.233592,0.287132
298,298,0.239768,0.237344,0.283809
299,299,0.2436,0.240943,0.280141
300,300,0.247254,0.244374,0.276145
301,301,0.250713,0.247623,0.271835
302,302,0.253964,0.250676,0.26723
303,303,0.256993,0.25352,0.262349
304,304,0.259788,0.256145,0.257212
305,305,0.262337,0.258539,0.251839
306,306,0.26463,0.260692,0.246254
307,307,0.266658,0.262596,0.240478
308,308,0.268411,0.264243,0.234536
309,309,0.269884,0.265625,0.228453
310,310,0.271069,0.266738,0.222252
311,311,0.271962,0.267577,0.21596
312,312,0.27256,0.268138,0.209602
313,313,0.272859,0.26842,0.203205
314,314,0.272859,0.26842,0.196795
315,315,0.27256,0.268138,0.190398
316,316,0.271962,0.267577,0.18404
317,317,0.271069,0.266738,0.177748
318,318,0.269884,0.265625,0.171547
319,319,0.268411,0.264243,0.165463
320,320,0.266658,0.262596,0.159522
321,321,0.26463,0.260692,0.153746
322,322,0.262337,0.258539,0.148161
323,323,0.259788,0.256145,0.142788
324,324,0.256993,0.25352,0.137651
325,325,0.253964,0.250676,0.13277
326,326,0.250713,0.247623,0.128165
327,327,0.247254,0.244374,0.123855
328,328,0.2436,0.240943,0.119859
329,329,0.239768,0.237344,0.116191
330,330,0.235772,0.233592,0.112868
331,331,0.231629,0.229701,0.109903
332,332,0.227356,0.225689,0.107308
333,333,0.22297,0.221571,0.105094
334,334,0.218491,0.217364,0.103271
335,335,0.213935,0.213086,0.101844
336,336,0.209322,0.208754,0.100821
337,337,0.204671,0.204386,0.100205
338,338,0.204084,0.204937,0.299795
339,339,0.208151,0.209853,0.299179
340,340,0.212185,0.214729,0.298156
341,341,0.216169,0.219544,0.296729
342,342,0.220086,0.22428,0.294906
343,343,0.22392,0.228915,0.292692
344,344,0.227657,0.233431,0.290097
345,345,0.23128,0.23781,0.287132
346,346,0.234774,0.242034,0.283809
347,347,0.238125,0.246085,0.280141
348,348,0.24132,0.249947,0.276145
349,349,0.244344,0.253603,0.271835
350,350,0.247187,0.257039,0.26723
351,351,0.249836,0.260241,0.262349
352,352,0.25228,0.263195,0.257212
353,353,0.254509,0.26589,0.251839
354,354,0.256514,0.268314,0.246254
355,355,0.258287,0.270457,0.240478
356,356,0.25982,0.27231,0.234536
357,357,0.261108,0.273867,0.228453
358,358,0.262144,0.275119,0.222252
359,359,0.262925,0.276064,0.21596
360,360,0.263448,0.276695,0.209602
361,361,0.26371,0.277012,0.203205
362,362,0.26371,0.277012,0.196795
363,363,0.263448,0.276695,0.190398
364,364,0.262925,0.276064,0.18404
365,365,0.262144,0.275119,0.177748
366,366,0.261108,0.273867,0.171547
367,367,0.25982,0.27231,0.165463
368,368,0.258287,0.270457,0.159522
369,369,0.256514,0.268314,0.153746
370,370,0.254509,0.26589,0.148161
371,371,0.25228,0.263195,0.142788
372,372,0.249836,0.260241,0.137651
373,373,0.247187,0.257039,0.13277
374,374,0.244344,0.253603,0.128165
375,375,0.24132,0.249947,0.123855
376,376,0.238125,0.246085,0.119859
377,377,0.234774,0.242034,0.116191
378,378,0.23128,0.23781,0.112868
379,379,0.227657,0.233431,0.109903
380,380,0.22392,0.228915,0.107308
381,381,0.220086,0.22428,0.105094
382,382,0.216169,0.219544,0.103271
383,383,0.212185,0.214729,0.101844
384,384,0.208151,0.209853,0.100821
385,385,0.204084,0.204937,0.100205
386,386,0.203433,0.20541,0.299795
387,387,0.206852,0.210797,0.299179
388,388,0.210243,0.21614,0.298156
389,389,0.213591,0.221417,0.296729
390,390,0.216884,0.226605,0.294906
391,391,0.220108,0.231685,0.292692
392,392,0.223249,0.236634,0.290097
393,393,0.226294,0.241433,0.287132
394,394,0.229231,0.246061,0.283809
395,395,0.232048,0.2505,0.280141
396,396,0.234734,0.254732,0.276145
397,397,0.237277,0.258738,0.271835
398,398,0.239666,0.262504,0.26723
399,399,0.241893,0.266012,0.262349
400,400,0.243947,0.269249,0.257212
401,401,0.245821,0.272202,0.251839
402,402,0.247506,0.274858,0.246254
403,403,0.248997,0.277206,0.240478
404,404,0.250286,0.279238,0.234536
405,405,0.251368,0.280943,0.228453
406,406,0.252239,0.282316,0.222252
407,407,0.252896,0.283351,0.21596
408,408,0.253335,0.284043,0.209602
409,409,0.253555,0.284389,0.203205
410,410,0.253555,0.284389,0.196795
411,411,0.253335,0.284043,0.190398
412,412,0.252896,0.283351,0.18404
413,413,0.252239,0.282316,0.177748
414,414,0.251368,0.280943,0.171547
415,415,0.250286,0.279238,0.165463
416,416,0.248997,0.277206,0.159522
417,417,0.247506,0.274858,0.153746
418,418,0.245821,0.272202,0.148161
419,419,0.243947,0.269249,0.142788
420,420,0.241893,0.266012,0.137651
421,421,0.239666,0.262504,0.13277
422,422,0.237277,0.258738,0.128165
423,423,0.234734,0.254732,0.123855
424,424,0.232048,0.2505,0.119859
425,425,0.229231,0.246061,0.116191
426,426,0.226294,0.241433,0.112868
427,427,0.223249,0.236634,0.109903
428,428,0.220108,0.231685,0.107308
429,429,0.216884,0.226605,0.105094
430,430,0.213591,0.221417,0.103271
431,431,0.210243,0.21614,0.101844
432,432,0.206852,0.210797,0.100821
433,433,0.203433,0.20541,0.100205
434,434,0.202728,0.205797,0.299795
435,435,0.205445,0.211571,0.299179
436,436,0.208139,0.217297,0.298156
437,437,0.2108,0.222951,0.296729
438,438,0.213417,0.228512,0.294906
439,439,0.215978,0.233955,0.292692
440,440,0.218474,0.239259,0.290097
441,441,0.220894,0.244401,0.287132
442,442,0.223228,0.249361,0.283809
443,443,0.225466,0.254119,0.280141
444,444,0.2276,0.258653,0.276145
445,445,0.229621,0.262947,0.271835
446,446,0.23152,0.266982,0.26723
447,447,0.233289,0.270742,0.262349
448,448,0.234921,0.274211,0.257212
449,449,0.23641,0.277376,0.251839
450,450,0.23775,0.280222,0.246254
451,451,0.238934,0.282739,0.240478
452,452,0.239958,0.284915,0.234536
453,453,0.240818,0.286743,0.228453
454,454,0.24151,0.288214,0.222252
455,455,0.242032,0.289323,0.21596
456,456,0.242381,0.290065,0.209602
457,457,0.242556,0.290436,0.203205
458,458,0.242556,0.290436,0.196795
459,459,0.242381,0.290065,0.190398
460,460,0.242032,0.289323,0.18404
461,461,0.24151,0.288214,0.177748
462,462,0.240818,0.286743,0.171547
463,463,0.239958,0.284915,0.165463
464,464,0.238934,0.282739,0.159522
465,465,0.23775,0.280222,0.153746
466,466,0.23641,0.277376,0.148161
467,467,0.234921,0.274211,0.142788
468,468,0.233289,0.270742,0.137651
469,469,0.23152,0.266982,0.13277
470,470,0.229621,0.262947,0.128165
471,471,0.2276,0.258653,0.123855
472,472,0.225466,0.254119,0.119859
473,473,0.223228,0.249361,0.116191
474,474,0.220894,0.244401,0.112868
475,475,0.218474,0.239259,0.109903
476,476,0.215978,0.233955,0.107308
477,477,0.213417,0.228512,0.105094
478,478,0.2108,0.222951,0.103271
479,479,0.208139,0.217297,0.101844
480,480,0.205445,0.211571,0.100821
481,481,0.202728,0.205797,0.100205
482,482,0.20198,0.206093,0.299795
483,483,0.203952,0.212162,0.299179
484,484,0.205907,0.21818,0.298156
485,485,0.207838,0.224124,0.296729
486,486,0.209737,0.229969,0.294906
487,487,0.211596,0.23569,0.292692
488,488,0.213408,0.241265,0.290097
489,489,0.215164,0.24667,0.287132
490,490,0.216858,0.251883,0.283809
491,491,0.218483,0.256884,0.280141
492,492,0.220031,0.26165,0.276145
493,493,0.221498,0.266163,0.271835
494,494,0.222876,0.270405,0.26723
495,495,0.22416,0.274357,0.262349
496,496,0.225345,0.278003,0.257212
497,497,0.226425,0.281329,0.251839
498,498,0.227397,0.284321,0.246254
499,499,0.228257,0.286966,0.240478
500,500,0.229,0.289254,0.234536
501,501,0.229624,0.291175,0.228453
502,502,0.230127,0.292721,0.222252
503,503,0.230506,0.293887,0.21596
504,504,0.230759,0.294666,0.209602
505,505,0.230886,0.295057,0.203205
506,506,0.230886,0.295057,0.196795
507,507,0.230759,0.294666,0.190398
508,508,0.230506,0.293887,0.18404
509,509,0.230127,0.292721,0.177748
510,510,0.229624,0.291175,0.171547
511,511,0.229,0.289254,0.165463
512,512,0.228257,0.286966,0.159522
513,513,0.227397,0.284321,0.153746
514,514,0.226425,0.281329,0.148161
515,515,0.225345,0.278003,0.142788
516,516,0.22416,0.274357,0.137651
517,517,0.222876,0.270405,0.13277
518,518,0.221498,0.266163,0.128165
519,519,0.220031,0.26165,0.123855
520,520,0.218483,0.256884,0.119859
521,521,0.216858,0.251883,0.116191
522,522,0.215164,0.24667,0.112868
523,523,0.213408,0.241265,0.109903
524,524,0.211596,0.23569,0.107308
525,525,0.209737,0.229969,0.105094
526,526,0.207838,0.224124,0.103271
527,527,0.205907,0.21818,0.101844
528,528,0.203952,0.212162,0.100821
529,529,0.20198,0.206093,0.100205
530,530,0.201201,0.206294,0.299795
531,531,0.202396,0.212561,0.299179
532,532,0.203582,0.218777,0.298156
533,533,0.204753,0.224916,0.296729
534,534,0.205905,0.230953,0.294906
535,535,0.207032,0.236862,0.292692
536,536,0.20813,0.24262,0.290097
537,537,0.209195,0.248203,0.287132
538,538,0.210222,0.253587,0.283809
539,539,0.211207,0.258752,0.280141
540,540,0.212147,0.263675,0.276145
541,541,0.213036,0.268336,0.271835
542,542,0.213871,0.272717,0.26723
543,543,0.21465,0.276798,0.262349
544,544,0.215368,0.280564,0.257212
545,545,0.216024,0.284,0.251839
546,546,0.216613,0.28709,0.246254
547,547,0.217134,0.289822,0.240478
548,548,0.217585,0.292185,0.234536
549,549,0.217964,0.294169,0.228453
550,550,0.218268,0.295766,0.222252
551,551,0.218498,0.29697,0.21596
552,552,0.218652,0.297775,0.209602
553,553,0.218728,0.298178,0.203205
554,554,0.218728,0.298178,0.196795
555,555,0.218652,0.297775,0.190398
556,556,0.218498,0.29697,0.18404
557,557,0.218268,0.295766,0.177748
558,558,0.217964,0.294169,0.171547
559,559,0.217585,0.292185,0.165463
560,560,0.217134,0.289822,0.159522
561,561,0.216613,0.28709,0.153746
562,562,0.216024,0.284,0.148161
563,563,0.215368,0.280564,0.142788
564,564,0.21465,0.276798,0.137651
565,565,0.213871,0.272717,0.13277
566,566,0.213036,0.268336,0.128165
567,567,0.212147,0.263675,0.123855
568,568,0.211207,0.258752,0.119859
569,569,0.210222,0.253587,0.116191
570,570,0.209195,0.248203,0.112868
571,571,0.20813,0.24262,0.109903
572,572,0.207032,0.236862,0.107308
573,573,0.205905,0.230953,0.105094
574,574,0.204753,0.224916,0.103271
575,575,0.203582,0.218777,0.101844
576,576,0.202396,0.212561,0.100821
577,577,0.201201,0.206294,0.100205
578,578,0.200402,0.206394,0.299795
579,579,0.200803,0.212762,0.299179
580,580,0.2012,0.219078,0.298156
581,581,0.201593,0.225315,0.296729
582,582,0.201979,0.231449,0.294906
583,583,0.202356,0.237453,0.292692
584,584,0.202724,0.243303,0.290097
585,585,0.203081,0.248975,0.287132
586,586,0.203425,0.254446,0.283809
587,587,0.203756,0.259693,0.280141
588,588,0.20407,0.264695,0.276145
589,589,0.204368,0.269431,0.271835
590,590,0.204648,0.273882,0.26723
591,591,0.204909,0.278029,0.262349
592,592,0.20515,0.281855,0.257212
593,593,0.205369,0.285346,0.251839
594,594,0.205567,0.288485,0.246254
595,595,0.205742,0.291261,0.240478
596,596,0.205893,0.293662,0.234536
597,597,0.20602,0.295678,0.228453
598,598,0.206122,0.2973,0.222252
599,599,0.206199,0.298523,0.21596
600,600,0.20625,0.299341,0.209602
601,601,0.206276,0.299751,0.203205
602,602,0.206276,0.299751,0.196795
603,603,0.20625,0.299341,0.190398
604,604,0.206199,0.298523,0.18404
605,605,0.206122,0.2973,0.177748
606,606,0.20602,0.295678,0.171547
607,607,0.205893,0.293662,0.165463
608,608,0.205742,0.291261,0.159522
609,609,0.205567,0.288485,0.153746
610,610,0.205369,0.285346,0.148161
611,611,0.20515,0.281855,0.142788
612,612,0.204909,0.278029,0.137651
613,613,0.204648,0.273882,0.13277
614,614,0.204368,0.269431,0.128165
615,615,0.20407,0.264695,0.123855
616,616,0.203756,0.259693,0.119859
617,617,0.203425,0.254446,0.116191
618,618,0.203081,0.248975,0.112868
619,619,0.202724,0.243303,0.109903
620,620,0.202356,0.237453,0.107308
621,621,0.201979,0.231449,0.105094
622,622,0.201593,0.225315,0.103271
623,623,0.2012,0.219078,0.101844
624,624,0.200803,0.212762,0.100821
625,625,0.200402,0.206394,0.100205
626,626,0.199598,0.206394,0.299795
627,627,0.199197,0.212762,0.299179
628,628,0.1988,0.219078,0.298156
629,629,0.198407,0.225315,0.296729
630,630,0.198021,0.231449,0.294906
631,631,0.197644,0.237453,0.292692
632,632,0.197276,0.243303,0.290097
633,633,0.196919,0.248975,0.287132
634,634,0.196575,0.254446,0.283809
635,635,0.196244,0.259693,0.280141
636,636,0.19593,0.264695,0.276145
637,637,0.195632,0.269431,0.271835
638,638,0.195352,0.273882,0.26723
639,639,0.195091,0.278029,0.262349
640,640,0.19485,0.281855,0.257212
641,641,0.194631,0.285346,0.251839
642,642,0.194433,0.288485,0.246254
643,643,0.194258,0.291261,0.240478
644,644,0.194107,0.293662,0.234536
645,645,0.19398,0.295678,0.228453
646,646,0.193878,0.2973,0.222252
647,647,0.193801,0.298523,0.21596
648,648,0.19375,0.299341,0.209602
649,649,0.193724,0.299751,0.203205
650,650,0.193724,0.299751,0.196795
651,651,0.19375,0.299341,0.190398
652,652,0.193801,0.298523,0.18404
653,653,0.193878,0.2973,0.177748
654,654,0.19398,0.295678,0.171547
655,655,0.194107,0.293662,0.165463
656,656,0.194258,0.291261,0.159522
657,657,0.194433,0.288485,0.153746
658,658,0.194631,0.285346,0.148161
659,659,0.19485,0.281855,0.142788
660,660,0.195091,0.278029,0.137651
661,661,0.195352,0.273882,0.13277
662,662,0.195632,0.269431,0.128165
663,663,0.19593,0.264695,0.123855
664,664,0.196244,0.259693,0.119859
665,665,0.196575,0.254446,0.116191
666,666,0.196919,0.248975,0.112868
667,667,0.197276,0.243303,0.109903
668,668,0.197644,0.237453,0.107308
669,669,0.198021,0.231449,0.105094
670,670,0.198407,0.225315,0.103271
671,671,0.1988,0.219078,0.101844
672,672,0.199197,0.212762,0.100821
673,673,0.199598,0.206394,0.100205
674,674,0.198799,0.206294,0.299795
675,675,0.197604,0.212561,0.299179
676,676,0.196418,0.218777,0.298156
677,677,0.195247,0.224916,0.296729
678,678,0.194095,0.230953,0.294906
679,679,0.192968,0.236862,0.292692
680,680,0.19187,0.24262,0.290097
681,681,0.190805,0.248203,0.287132
682,682,0.189778,0.253587,0.283809
683,683,0.188793,0.258752,0.280141
684,684,0.187853,0.263675,0.276145
685,685,0.186964,0.268336,0.271835
686,686,0.186129,0.272717,0.26723
687,687,0.18535,0.276798,0.262349
688,688,0.184632,0.280564,0.257212
689,689,0.183976,0.284,0.251839
690,690,0.183387,0.28709,0.246254
691,691,0.182866,0.289822,0.240478
692,692,0.182415,0.292185,0.234536
693,693,0.182036,0.294169,0.228453
694,694,0.181732,0.295766,0.222252
695,695,0.181502,0.29697,0.21596
696,696,0.181348,0.297775,0.209602
697,697,0.181271,0.298178,0.203205
698,698,0.181271,0.298178,0.196795
699,699,0.181348,0.297775,0.190398
700,700,0.181502,0.29697,0.18404
701,701,0.181732,0.295766,0.177748
702,702,0.182036,0.294169,0.171547
703,703,0.182415,0.292185,0.165463
704,704,0.182866,0.289822,0.159522
705,705,0.183387,0.28709,0.153746
706,706,0.183976,0.284,0.148161
707,707,0.184632,0.280564,0.142788
708,708,0.18535,0.276798,0.137651
709,709,0.186129,0.272717,0.13277
710,710,0.186964,0.268336,0.128165
711,711,0.187853,0.263675,0.123855
712,712,0.188793,0.258752,0.119859
713,713,0.189778,0.253587,0.116191
714,714,0.190805,0.248203,0.112868
715,715,0.19187,0.24262,0.109903
716,716,0.192968,0.236862,0.107308
717,717,0.194095,0.230953,0.105094
718,718,0.195247,0.224916,0.103271
719,719,0.196418,0.218777,0.101844
720,720,0.197604,0.212561,0.100821
721,721,0.198799,0.206294,0.100205
722,722,0.19802,0.206093,0.299795
723,723,0.196048,0.212162,0.299179
724,724,0.194093,0.21818,0.298156
725,725,0.192162,0.224124,0.296729
726,726,0.190263,0.229969,0.294906
727,727,0.188404,0.23569,0.292692
728,728,0.186592,0.241265,0.290097
729,729,0.184836,0.24667,0.287132
730,730,0.183142,0.251883,0.283809
731,731,0.181517,0.256884,0.280141
732,732,0.179969,0.26165,0.276145
733,733,0.178502,0.266163,0.271835
734,734,0.177124,0.270405,0.26723
735,735,0.17584,0.274357,0.262349
736,736,0.174655,0.278003,0.257212
737,737,0.173575,0.281329,0.251839
738,738,0.172603,0.284321,0.246254
739,739,0.171743,0.286966,0.240478
740,740,0.171,0.289254,0.234536
741,741,0.170376,0.291175,0.228453
742,742,0.169873,0.292721,0.222252
743,743,0.169494,0.293887,0.21596
744,744,0.169241,0.294666,0.209602
745,745,0.169114,0.295057,0.203205
746,746,0.169114,0.295057,0.196795
747,747,0.169241,0.294666,0.190398
748,748,0.169494,0.293887,0.18404
749,749,0.169873,0.292721,0.177748
750,750,0.170376,0.291175,0.171547
751,751,0.171,0.289254,0.165463
752,752,0.171743,0.286966,0.159522
753,753,0.172603,0.284321,0.153746
754,754,0.173575,0.281329,0.148161
755,755,0.174655,0.278003,0.142788
756,756,0.17584,0.274357,0.137651
757,757,0.177124,0.270405,0.13277
758,758,0.178502,0.266163,0.128165
759,759,0.179969,0.26165,0.123855
760,760,0.181517,0.256884,0.119859
761,761,0.183142,0.251883,0.116191
762,762,0.184836,0.24667,0.112868
763,763,0.186592,0.241265,0.109903
764,764,0.188404,0.23569,0.107308
765,765,0.190263,0.229969,0.105094
766,766,0.192162,0.224124,0.103271
767,767,0.194093,0.21818,0.101844
768,768,0.196048,0.212162,0.100821
769,769,0.19802,0.206093,0.100205
770,770,0.197272,0.205797,0.299795
771,771,0.194555,0.211571,0.299179
772,772,0.191861,0.217297,0.298156
773,773,0.1892,0.222951,0.296729
774,774,0.186583,0.228512,0.294906
775,775,0.184022,0.233955,0.292692
776,776,0.181526,0.239259,0.290097
777,777,0.179106,0.244401,0.287132
778,778,0.176772,0.249361,0.283809
779,779,0.174534,0.254119,0.280141
780,780,0.1724,0.258653,0.276145
781,781,0.170379,0.262947,0.271835
782,782,0.168481,0.266982,0.26723
783,783,0.166711,0.270742,0.262349
784,784,0.165079,0.274211,0.257212
785,785,0.16359,0.277376,0.251839
786,786,0.16225,0.280222,0.246254
787,787,0.161066,0.282739,0.240478
788,788,0.160042,0.284915,0.234536
789,789,0.159182,0.286743,0.228453
790,790,0.15849,0.288214,0.222252
791,791,0.157968,0.289323,0.21596
792,792,0.157619,0.290065,0.209602
793,793,0.157444,0.290436,0.203205
794,794,0.157444,0.290436,0.196795
795,795,0.157619,0.290065,0.190398
796,796,0.157968,0.289323,0.18404
797,797,0.15849,0.288214,0.177748
798,798,0.159182,0.286743,0.171547
799,799,0.160042,0.284915,0.165463
800,800,0.161066,0.282739,0.159522
801,801,0.16225,0.280222,0.153746
802,802,0.16359,0.277376,0.148161
803,803,0.165079,0.274211,0.142788
804,804,0.166711,0.270742,0.137651
805,805,0.168481,0.266982,0.13277
806,806,0.170379,0.262947,0.128165
807,807,0.1724,0.258653,0.123855
808,808,0.174534,0.254119,0.119859
809,809,0.176772,0.249361,0.116191
810,810,0.179106,0.244401,0.112868
811,811,0.181526,0.239259,0.109903
812,812,0.184022,0.233955,0.107308
813,813,0.186583,0.228512,0.105094
814,814,0.1892,0.222951,0.103271
815,815,0.191861,0.217297,0.101844
816,816,0.194555,0.211571,0.100821
817,817,0.197272,0.205797,0.100205
818,818,0.196567,0.20541,0.299795
819,819,0.193148,0.210797,0.299179
820,820,0.189757,0.21614,0.298156
821,821,0.186409,0.221417,0.296729
822,822,0.183116,0.226605,0.294906
823,823,0.179892,0.231685,0.292692
824,824,0.176751,0.236634,0.290097
825,825,0.173706,0.241433,0.287132
826,826,0.170769,0.246061,0.283809
827,827,0.167952,0.2505,0.280141
828,828,0.165266,0.254732,0.276145
829,829,0.162723,0.258738,0.271835
830,830,0.160334,0.262504,0.26723
831,831,0.158107,0.266012,0.262349
832,832,0.156053,0.269249,0.257212
833,833,0.154179,0.272202,0.251839
834,834,0.152494,0.274858,0.246254
835,835,0.151003,0.277206,0.240478
836,836,0.149714,0.279238,0.234536
837,837,0.148632,0.280943,0.228453
838,838,0.147761,0.282316,0.222252
839,839,0.147104,0.283351,0.21596
840,840,0.146665,0.284043,0.209602
841,841,0.146445,0.284389,0.203205
842,842,0.146445,0.284389,0.196795
843,843,0.146665,0.284043,0.190398
844,844,0.147104,0.283351,0.18404
845,845,0.147761,0.282316,0.177748
846,846,0.148632,0.280943,0.171547
847,847,0.149714,0.279238,0.165463
848,848,0.151003,0.277206,0.159522
849,849,0.152494,0.274858,0.153746
850,850,0.154179,0.272202,0.148161
851,851,0.156053,0.269249,0.142788
852,852,0.158107,0.266012,0.137651
853,853,0.160334,0.262504,0.13277
854,854,0.162723,0.258738,0.128165
855,855,0.165266,0.254732,0.123855
856,856,0.167952,0.2505,0.119859
857,857,0.170769,0.246061,0.116191
858,858,0.173706,0.241433,0.112868
859,859,0.176751,0.236634,0.109903
860,860,0.179892,0.231685,0.107308
861,861,0.183116,0.226605,0.105094
862,862,0.186409,0.221417,0.103271
863,863,0.189757,0.21614,0.101844
864,864,0.193148,0.210797,0.100821
865,865,0.196567,0.20541,0.100205
866,866,0.195916,0.204937,0.299795
867,867,0.191849,0.209853,0.299179
868,868,0.187815,0.214729,0.298156
869,869,0.183831,0.219544,0.296729
870,870,0.179914,0.22428,0.294906
871,871,0.17608,0.228915,0.292692
872,872,0.172343,0.233431,0.290097
873,873,0.16872,0.23781,0.287132
874,874,0.165226,0.242034,0.283809
875,875,0.161875,0.246085,0.280141
876,876,0.15868,0.249947,0.276145
877,877,0.155656,0.253603,0.271835
878,878,0.152813,0.257039,0.26723
879,879,0.150164,0.260241,0.262349
880,880,0.14772,0.263195,0.257212
881,881,0.145491,0.26589,0.251839
882,882,0.143486,0.268314,0.246254
883,883,0.141713,0.270457,0.240478
884,884,0.14018,0.27231,0.234536
885,885,0.138892,0.273867,0.228453
886,886,0.137856,0.275119,0.222252
887,887,0.137075,0.276064,0.21596
888,888,0.136552,0.276695,0.209602
889,889,0.13629,0.277012,0.203205
890,890,0.13629,0.277012,0.196795
891,891,0.136552,0.276695,0.190398
892,892,0.137075,0.276064,0.18404
893,893,0.137856,0.275119,0.177748
894,894,0.138892,0.273867,0.171547
895,895,0.14018,0.27231,0.165463
896,896,0.141713,0.270457,0.159522
897,897,0.143486,0.268314,0.153746
898,898,0.145491,0.26589,0.148161
899,899,0.14772,0.263195,0.142788
900,900,0.150164,0.260241,0.137651
901,901,0.152813,0.257039,0.13277
902,902,0.155656,0.253603,0.128165
903,903,0.15868,0.249947,0.123855
904,904,0.161875,0.246085,0.119859
905,905,0.165226,0.242034,0.116191
906,906,0.16872,0.23781,0.112868
907,907,0.172343,0.233431,0.109903
908,908,0.17608,0.228915,0.107308
909,909,0.179914,0.22428,0.105094
910,910,0.183831,0.219544,0.103271
911,911,0.187815,0.214729,0.101844
912,912,0.191849,0.209853,0.100821
913,913,0.195916,0.204937,0.100205
914,914,0.195329,0.204386,0.299795
915,915,0.190678,0.208754,0.299179
916,916,0.186065,0.213086,0.298156
917,917,0.181509,0.217364,0.296729
918,918,0.17703,0.221571,0.294906
919,919,0.172644,0.225689,0.292692
920,920,0.168371,0.229701,0.290097
921,921,0.164228,0.233592,0.287132
922,922,0.160232,0.237344,0.283809
923,923,0.1564,0.240943,0.280141
924,924,0.152746,0.244374,0.276145
925,925,0.149287,0.247623,0.271835
926,926,0.146036,0.250676,0.26723
927,927,0.143007,0.25352,0.262349
928,928,0.140212,0.256145,0.257212
929,929,0.137663,0.258539,0.251839
930,930,0.13537,0.260692,0.246254
931,931,0.133342,0.262596,0.240478
932,932,0.131589,0.264243,0.234536
933,933,0.130116,0.265625,0.228453
934,934,0.128931,0.266738,0.222252
935,935,0.128038,0.267577,0.21596
936,936,0.12744,0.268138,0.209602
937,937,0.127141,0.26842,0.203205
938,938,0.127141,0.26842,0.196795
939,939,0.12744,0.268138,0.190398
940,940,0.128038,0.267577,0.18404
941,941,0.128931,0.266738,0.177748
942,942,0.130116,0.265625,0.171547
943,943,0.131589,0.264243,0.165463
944,944,0.133342,0.262596,0.159522
945,945,0.13537,0.260692,0.153746
946,946,0.137663,0.258539,0.148161
947,947,0.140212,0.256145,0.142788
948,948,0.143007,0.25352,0.137651
949,949,0.146036,0.250676,0.13277
950,950,0.149287,0.247623,0.128165
951,951,0.152746,0.244374,0.123855
952,952,0.1564,0.240943,0.119859
953,953,0.160232,0.237344,0.116191
954,954,0.164228,0.233592,0.112868
955,955,0.168371,0.229701,0.109903
956,956,0.172644,0.225689,0.107308
957,957,0.17703,0.221571,0.105094
958,958,0.181509,0.217364,0.103271
959,959,0.186065,0.213086,0.101844
960,960,0.190678,0.208754,0.100821
961,961,0.195329,0.204386,0.100205
962,962,0.194817,0.203766,0.299795
963,963,0.189655,0.207516,0.299179
964,964,0.184535,0.211236,0.298156
965,965,0.179479,0.214909,0.296729
966,966,0.174507,0.218522,0.294906
967,967,0.16964,0.222058,0.292692
968,968,0.164898,0.225503,0.290097
969,969,0.1603,0.228844,0.287132
970,970,0.155865,0.232066,0.283809
971,971,0.151612,0.235156,0.280141
972,972,0.147557,0.238102,0.276145
973,973,0.143718,0.240891,0.271835
974,974,0.14011,0.243512,0.26723
975,975,0.136749,0.245955,0.262349
976,976,0.133647,0.248209,0.257212
977,977,0.130818,0.250264,0.251839
978,978,0.128273,0.252113,0.246254
979,979,0.126022,0.253748,0.240478
980,980,0.124076,0.255162,0.234536
981,981,0.122442,0.256349,0.228453
982,982,0.121127,0.257305,0.222252
983,983,0.120135,0.258025,0.21596
984,984,0.119472,0.258507,0.209602
985,985,0.11914,0.258748,0.203205
986,986,0.11914,0.258748,0.196795
987,987,0.119472,0.258507,0.190398
988,988,0.120135,0.258025,0.18404
989,989,0.121127,0.257305,0.177748
990,990,0.122442,0.256349,0.171547
991,991,0.124076,0.255162,0.165463
992,992,0.126022,0.253748,0.159522
993,993,0.128273,0.252113,0.153746
994,994,0.130818,0.250264,0.148161
995,995,0.133647,0.248209,0.142788
996,996,0.136749,0.245955,0.137651
997,997,0.14011,0.243512,0.13277
998,998,0.143718,0.240891,0.128165
999,999,0.147557,0.238102,0.123855
1000,1000,0.151612,0.235156,0.119859
1001,1001,0.155865,0.232066,0.116191
1002,1002,0.1603,0.228844,0.112868
1003,1003,0.164898,0.225503,0.109903
1004,1004,0.16964,0.222058,0.107308
1005,1005,0.174507,0.218522,0.105094
1006,1006,0.179479,0.214909,0.103271
1007,1007,0.184535,0.211236,0.101844
1008,1008,0.189655,0.207516,0.100821
1009,1009,0.194817,0.203766,0.100205
1010,1010,0.194385,0.203087,0.299795
1011,1011,0.188794,0.206161,0.299179
1012,1012,0.183249,0.209209,0.298156
1013,1013,0.177772,0.21222,0.296729
1014,1014,0.172387,0.21518,0.294906
1015,1015,0.167115,0.218079,0.292692
1016,1016,0.161978,0.220903,0.290097
1017,1017,0.156998,0.223641,0.287132
1018,1018,0.152194,0.226281,0.283809
1019,1019,0.147587,0.228814,0.280141
1020,1020,0.143195,0.231229,0.276145
1021,1021,0.139037,0.233515,0.271835
1022,1022,0.135129,0.235663,0.26723
1023,1023,0.131488,0.237665,0.262349
1024,1024,0.128128,0.239512,0.257212
1025,1025,0.125063,0.241197,0.251839
1026,1026,0.122307,0.242712,0.246254
1027,1027,0.119869,0.244052,0.240478
1028,1028,0.117761,0.245211,0.234536
1029,1029,0.115991,0.246184,0.228453
1030,1030,0.114566,0.246968,0.222252
1031,1031,0.113493,0.247558,0.21596
1032,1032,0.112774,0.247953,0.209602
1033,1033,0.112414,0.248151,0.203205
1034,1034,0.112414,0.248151,0.196795
1035,1035,0.112774,0.247953,0.190398
1036,1036,0.113493,0.247558,0.18404
1037,1037,0.114566,0.246968,0.177748
1038,1038,0.115991,0.246184,0.171547
1039,1039,0.117761,0.245211,0.165463
1040,1040,0.119869,0.244052,0.159522
1041,1041,0.122307,0.242712,0.153746
1042,1042,0.125063,0.241197,0.148161
1043,1043,0.128128,0.239512,0.142788
1044,1044,0.131488,0.237665,0.137651
1045,1045,0.135129,0.235663,0.13277
1046,1046,0.139037,0.233515,0.128165
1047,1047,0.143195,0.231229,0.123855
1048,1048,0.147587,0.228814,0.119859
1049,1049,0.152194,0.226281,0.116191
1050,1050,0.156998,0.223641,0.112868
1051,1051,0.161978,0.220903,0.109903
1052,1052,0.167115,0.218079,0.107308
1053,1053,0.172387,0.21518,0.105094
1054,1054,0.177772,0.21222,0.103271
1055,1055,0.183249,0.209209,0.101844
1056,1056,0.188794,0.206161,0.100821
1057,1057,0.194385,0.203087,0.100205
1058,1058,0.194043,0.202359,0.299795
1059,1059,0.18811,0.204707,0.299179
1060,1060,0.182227,0.207037,0.298156
1061,1061,0.176416,0.209338,0.296729
1062,1062,0.170702,0.2116,0.294906
1063,1063,0.165109,0.213814,0.292692
1064,1064,0.159659,0.215972,0.290097
1065,1065,0.154374,0.218065,0.287132
1066,1066,0.149277,0.220082,0.283809
1067,1067,0.144389,0.222018,0.280141
1068,1068,0.139729,0.223863,0.276145
1069,1069,0.135317,0.22561,0.271835
1070,1070,0.131171,0.227251,0.26723
1071,1071,0.127307,0.228781,0.262349
1072,1072,0.123742,0.230193,0.257212
1073,1073,0.120491,0.23148,0.251839
1074,1074,0.117566,0.232638,0.246254
1075,1075,0.11498,0.233662,0.240478
1076,1076,0.112743,0.234547,0.234536
1077,1077,0.110865,0.235291,0.228453
1078,1078,0.109353,0.235889,0.222252
1079,1079,0.108214,0.236341,0.21596
1080,1080,0.107452,0.236642,0.209602
1081,1081,0.10707,0.236794,0.203205
1082,1082,0.10707,0.236794,0.196795
1083,1083,0.107452,0.236642,0.190398
1084,1084,0.108214,0.236341,0.18404
1085,1085,0.109353,0.235889,0.177748
1086,1086,0.110865,0.235291,0.171547
1087,1087,0.112743,0.234547,0.165463
1088,1088,0.11498,0.233662,0.159522
1089,1089,0.117566,0.232638,0.153746
1090,1090,0.120491,0.23148,0.148161
1091,1091,0.123742,0.230193,0.142788
1092,1092,0.127307,0.228781,0.137651
1093,1093,0.131171,0.227251,0.13277
1094,1094,0.135317,0.22561,0.128165
1095,1095,0.139729,0.223863,0.123855
1096,1096,0.144389,0.222018,0.119859
1097,1097,0.149277,0.220082,0.116191
1098,1098,0.154374,0.218065,0.112868
1099,1099,0.159659,0.215972,0.109903
1100,1100,0.165109,0.213814,0.107308
1101,1101,0.170702,0.2116,0.105094
1102,1102,0.176416,0.209338,0.103271
1103,1103,0.182227,0.207037,0.101844
1104,1104,0.18811,0.204707,0.100821
1105,1105,0.194043,0.202359,0.100205
1106,1106,0.193794,0.201593,0.299795
1107,1107,0.187614,0.20318,0.299179
1108,1108,0.181485,0.204754,0.298156
1109,1109,0.175431,0.206308,0.296729
1110,1110,0.169479,0.207836,0.294906
1111,1111,0.163652,0.209333,0.292692
1112,1112,0.157975,0.21079,0.290097
1113,1113,0.15247,0.212204,0.287132
1114,1114,0.14716,0.213567,0.283809
1115,1115,0.142068,0.214874,0.280141
1116,1116,0.137214,0.216121,0.276145
1117,1117,0.132617,0.217301,0.271835
1118,1118,0.128298,0.21841,0.26723
1119,1119,0.124273,0.219443,0.262349
1120,1120,0.120559,0.220397,0.257212
1121,1121,0.117172,0.221267,0.251839
1122,1122,0.114125,0.222049,0.246254
1123,1123,0.111432,0.222741,0.240478
1124,1124,0.109102,0.223339,0.234536
1125,1125,0.107145,0.223841,0.228453
1126,1126,0.10557,0.224245,0.222252
1127,1127,0.104383,0.22455,0.21596
1128,1128,0.103589,0.224754,0.209602
1129,1129,0.103191,0.224856,0.203205
1130,1130,0.103191,0.224856,0.196795
1131,1131,0.103589,0.224754,0.190398
1132,1132,0.104383,0.22455,0.18404
1133,1133,0.10557,0.224245,0.177748
1134,1134,0.107145,0.223841,0.171547
1135,1135,0.109102,0.223339,0.165463
1136,1136,0.111432,0.222741,0.159522
1137,1137,0.114125,0.222049,0.153746
1138,1138,0.117172,0.221267,0.148161
1139,1139,0.120559,0.220397,0.142788
1140,1140,0.124273,0.219443,0.137651
1141,1141,0.128298,0.21841,0.13277
1142,1142,0.132617,0.217301,0.128165
1143,1143,0.137214,0.216121,0.123855
1144,1144,0.142068,0.214874,0.119859
1145,1145,0.14716,0.213567,0.116191
1146,1146,0.15247,0.212204,0.112868
1147,1147,0.157975,0.21079,0.109903
1148,1148,0.163652,0.209333,0.107308
1149,1149,0.169479,0.207836,0.105094
1150,1150,0.175431,0.206308,0.103271
1151,1151,0.181485,0.204754,0.101844
1152,1152,0.187614,0.20318,0.100821
1153,1153,0.193794,0.201593,0.100205
1154,1154,0.193643,0.200803,0.299795
1155,1155,0.187313,0.201603,0.299179
1156,1156,0.181035,0.202396,0.298156
1157,1157,0.174835,0.203179,0.296729
1158,1158,0.168738,0.203949,0.294906
1159,1159,0.162769,0.204703,0.292692
1160,1160,0.156954,0.205438,0.290097
1161,1161,0.151315,0.20615,0.287132
1162,1162,0.145877,0.206837,0.283809
1163,1163,0.140661,0.207496,0.280141
1164,1164,0.135688,0.208124,0.276145
1165,1165,0.13098,0.208719,0.271835
1166,1166,0.126556,0.209278,0.26723
1167,1167,0.122433,0.209799,0.262349
1168,1168,0.11863,0.210279,0.257212
1169,1169,0.11516,0.210718,0.251839
1170,1170,0.112039,0.211112,0.246254
1171,1171,0.10928,0.211461,0.240478
1172,1172,0.106893,0.211762,0.234536
1173,1173,0.104889,0.212015,0.228453
1174,1174,0.103276,0.212219,0.222252
1175,1175,0.10206,0.212373,0.21596
1176,1176,0.101247,0.212475,0.209602
1177,1177,0.10084,0.212527,0.203205
1178,1178,0.10084,0.212527,0.196795
1179,1179,0.101247,0.212475,0.190398
1180,1180,0.10206,0.212373,0.18404
1181,1181,0.103276,0.212219,0.177748
1182,1182,0.104889,0.212015,0.171547
1183,1183,0.106893,0.211762,0.165463
1184,1184,0.10928,0.211461,0.159522
1185,1185,0.112039,0.211112,0.153746
1186,1186,0.11516,0.210718,0.148161
1187,1187,0.11863,0.210279,0.142788
1188,1188,0.122433,0.209799,0.137651
1189,1189,0.126556,0.209278,0.13277
1190,1190,0.13098,0.208719,0.128165
1191,1191,0.135688,0.208124,0.123855
1192,1192,0.140661,0.207496,0.119859
1193,1193,0.145877,0.206837,0.116191
1194,1194,0.151315,0.20615,0.112868
1195,1195,0.156954,0.205438,0.109903
1196,1196,0.162769,0.204703,0.107308
1197,1197,0.168738,0.203949,0.105094
1198,1198,0.174835,0.203179,0.103271
1199,1199,0.181035,0.202396,0.101844
1200,1200,0.187313,0.201603,0.100821
1201,1201,0.193643,0.200803,0.100205
1202,1202,0.193593,0.2,0.299795
1203,1203,0.187212,0.2,0.299179
1204,1204,0.180884,0.2,0.298156
1205,1205,0.174635,0.2,0.296729
1206,1206,0.168489,0.2,0.294906
1207,1207,0.162473,0.2,0.292692
1208,1208,0.156612,0.2,0.290097
1209,1209,0.150928,0.2,0.287132
1210,1210,0.145447,0.2,0.283809
1211,1211,0.140189,0.2,0.280141
1212,1212,0.135177,0.2,0.276145
1213,1213,0.130432,0.2,0.271835
1214,1214,0.125972,0.2,0.26723
1215,1215,0.121817,0.2,0.262349
1216,1216,0.117983,0.2,0.257212
1217,1217,0.114486,0.2,0.251839
1218,1218,0.11134,0.2,0.246254
1219,1219,0.108559,0.2,0.240478
1220,1220,0.106153,0.2,0.234536
1221,1221,0.104133,0.2,0.228453
1222,1222,0.102507,0.2,0.222252
1223,1223,0.101282,0.2,0.21596
1224,1224,0.100462,0.2,0.209602
1225,1225,0.100051,0.2,0.203205
1226,1226,0.100051,0.2,0.196795
1227,1227,0.100462,0.2,0.190398
1228,1228,0.101282,0.2,0.18404
1229,1229,0.102507,0.2,0.177748
1230,1230,0.104133,0.2,0.171547
1231,1231,0.106153,0.2,0.165463
1232,1232,0.108559,0.2,0.159522
1233,1233,0.11134,0.2,0.153746
1234,1234,0.114486,0.2,0.148161
1235,1235,0.117983,0.2,0.142788
1236,1236,0.121817,0.2,0.137651
1237,1237,0.125972,0.2,0.13277
1238,1238,0.130432,0.2,0.128165
1239,1239,0.135177,0.2,0.123855
1240,1240,0.140189,0.2,0.119859
1241,1241,0.145447,0.2,0.116191
1242,1242,0.150928,0.2,0.112868
1243,1243,0.156612,0.2,0.109903
1244,1244,0.162473,0.2,0.107308
1245,1245,0.168489,0.2,0.105094
1246,1246,0.174635,0.2,0.103271
1247,1247,0.180884,0.2,0.101844
1248,1248,0.187212,0.2,0.100821
1249,1249,0.193593,0.2,0.100205
1250,1250,0.193643,0.199197,0.299795
1251,1251,0.187313,0.198397,0.299179
1252,1252,0.181035,0.197604,0.298156
1253,1253,0.174835,0.196821,0.296729
1254,1254,0.168738,0.196051,0.294906
1255,1255,0.162769,0.195297,0.292692
1256,1256,0.156954,0.194562,0.290097
1257,1257,0.151315,0.19385,0.287132
1258,1258,0.145877,0.193163,0.283809
1259,1259,0.140661,0.192504,0.280141
1260,1260,0.135688,0.191876,0.276145
1261,1261,0.13098,0.191281,0.271835
1262,1262,0.126556,0.190722,0.26723
1263,1263,0.122433,0.190201,0.262349
1264,1264,0.11863,0.189721,0.257212
1265,1265,0.11516,0.189282,0.251839
1266,1266,0.112039,0.188888,0.246254
1267,1267,0.10928,0.188539,0.240478
1268,1268,0.106893,0.188238,0.234536
1269,1269,0.104889,0.187985,0.228453
1270,1270,0.103276,0.187781,0.222252
1271,1271,0.10206,0.187627,0.21596
1272,1272,0.101247,0.187525,0.209602
1273,1273,0.10084,0.187473,0.203205
1274,1274,0.10084,0.187473,0.196795
1275,1275,0.101247,0.187525,0.190398
1276,1276,0.10206,0.187627,0.18404
1277,1277,0.103276,0.187781,0.177748
1278,1278,0.104889,0.187985,0.171547
1279,1279,0.106893,0.188238,0.165463
1280,1280,0.10928,0.188539,0.159522
1281,1281,0.112039,0.188888,0.153746
1282,1282,0.11516,0.189282,0.148161
1283,1283,0.11863,0.189721,0.142788
1284,1284,0.122433,0.190201,0.137651
1285,1285,0.126556,0.190722,0.13277
1286,1286,0.13098,0.191281,0.128165
1287,1287,0.135688,0.191876,0.123855
1288,1288,0.140661,0.192504,0.119859
1289,1289,0.145877,0.193163,0.116191
1290,1290,0.151315,0.19385,0.112868
1291,1291,0.156954,0.194562,0.109903
1292,1292,0.162769,0.195297,0.107308
1293,1293,0.168738,0.196051,0.105094
1294,1294,0.174835,0.196821,0.103271
1295,1295,0.181035,0.197604,0.101844
1296,1296,0.187313,0.198397,0.100821
1297,1297,0.193643,0.199197,0.100205
1298,1298,0.193794,0.198407,0.299795
1299,1299,0.187614,0.19682,0.299179
1300,1300,0.181485,0.195246,0.298156
1301,1301,0.175431,0.193692,0.296729
1302,1302,0.169479,0.192164,0.294906
1303,1303,0.163652,0.190667,0.292692
1304,1304,0.157975,0.18921,0.290097
1305,1305,0.15247,0.187796,0.287132
1306,1306,0.14716,0.186433,0.283809
1307,1307,0.142068,0.185126,0.280141
1308,1308,0.137214,0.183879,0.276145
1309,1309,0.132617,0.182699,0.271835
1310,1310,0.128298,0.18159,0.26723
1311,1311,0.124273,0.180557,0.262349
1312,1312,0.120559,0.179603,0.257212
1313,1313,0.117172,0.178733,0.251839
1314,1314,0.114125,0.177951,0.246254
1315,1315,0.111432,0.177259,0.240478
1316,1316,0.109102,0.176661,0.234536
1317,1317,0.107145,0.176159,0.228453
1318,1318,0.10557,0.175755,0.222252
1319,1319,0.104383,0.17545,0.21596
1320,1320,0.103589,0.175246,0.209602
1321,1321,0.103191,0.175144,0.203205
1322,1322,0.103191,0.175144,0.196795
1323,1323,0.103589,0.175246,0.190398
1324,1324,0.104383,0.17545,0.18404
1325,1325,0.10557,0.175755,0.177748
1326,1326,0.107145,0.176159,0.171547
1327,1327,0.109102,0.176661,0.165463
1328,1328,0.111432,0.177259,0.159522
1329,1329,0.114125,0.177951,0.153746
1330,1330,0.117172,0.178733,0.148161
1331,1331,0.120559,0.179603,0.142788
1332,1332,0.124273,0.180557,0.137651
1333,1333,0.128298,0.18159,0.13277
1334,1334,0.132617,0.182699,0.128165
1335,1335,0.137214,0.183879,0.123855
1336,1336,0.142068,0.185126,0.119859
1337,1337,0.14716,0.186433,0.116191
1338,1338,0.15247,0.187796,0.112868
1339,1339,0.157975,0.18921,0.109903
1340,1340,0.163652,0.190667,0.107308
1341,1341,0.169479,0.192164,0.105094
1342,1342,0.175431,0.193692,0.103271
1343,1343,0.181485,0.195246,0.101844
1344,1344,0.187614,0.19682,0.100821
1345,1345,0.193794,0.198407,0.100205
1346,1346,0.194043,0.197641,0.299795
1347,1347,0.18811,0.195293,0.299179
1348,1348,0.182227,0.192963,0.298156
1349,1349,0.176416,0.190662,0.296729
1350,1350,0.170702,0.1884,0.294906
1351,1351,0.165109,0.186185,0.292692
1352,1352,0.159659,0.184028,0.290097
1353,1353,0.154374,0.181935,0.287132
1354,1354,0.149277,0.179918,0.283809
1355,1355,0.144389,0.177982,0.280141
1356,1356,0.139729,0.176137,0.276145
1357,1357,0.135317,0.17439,0.271835
1358,1358,0.131171,0.172749,0.26723
1359,1359,0.127307,0.171219,0.262349
1360,1360,0.123742,0.169807,0.257212
1361,1361,0.120491,0.16852,0.251839
1362,1362,0.117566,0.167362,0.246254
1363,1363,0.11498,0.166338,0.240478
1364,1364,0.112743,0.165453,0.234536
1365,1365,0.110865,0.164709,0.228453
1366,1366,0.109353,0.164111,0.222252
1367,1367,0.108214,0.163659,0.21596
1368,1368,0.107452,0.163358,0.209602
1369,1369,0.10707,0.163206,0.203205
1370,1370,0.10707,0.163206,0.196795
1371,1371,0.107452,0.163358,0.190398
1372,1372,0.108214,0.163659,0.18404
1373,1373,0.109353,0.164111,0.177748
1374,1374,0.110865,0.164709,0.171547
1375,1375,0.112743,0.165453,0.165463
1376,1376,0.11498,0.166338,0.159522
1377,1377,0.117566,0.167362,0.153746
1378,1378,0.120491,0.16852,0.148161
1379,1379,0.123742,0.169807,0.142788
1380,1380,0.127307,0.171219,0.137651
1381,1381,0.131171,0.172749,0.13277
1382,1382,0.135317,0.17439,0.128165
1383,1383,0.139729,0.176137,0.123855
1384,1384,0.144389,0.177982,0.119859
1385,1385,0.149277,0.179918,0.116191
1386,1386,0.154374,0.181935,0.112868
1387,1387,0.159659,0.184028,0.109903
1388,1388,0.165109,0.186185,0.107308
1389,1389,0.170702,0.1884,0.105094
1390,1390,0.176416,0.190662,0.103271
1391,1391,0.182227,0.192963,0.101844
1392,1392,0.18811,0.195293,0.100821
1393,1393,0.194043,0.197641,0.100205
1394,1394,0.194385,0.196913,0.299795
1395,1395,0.188794,0.193839,0.299179
1396,1396,0.183249,0.190791,0.298156
1397,1397,0.177772,0.18778,0.296729
1398,1398,0.172387,0.18482,0.294906
1399,1399,0.167115,0.181921,0.292692
1400,1400,0.161978,0.179097,0.290097
1401,1401,0.156998,0.17636,0.287132
1402,1402,0.152194,0.173719,0.283809
1403,1403,0.147587,0.171186,0.280141
1404,1404,0.143195,0.168771,0.276145
1405,1405,0.139037,0.166485,0.271835
1406,1406,0.135129,0.164337,0.26723
1407,1407,0.131488,0.162335,0.262349
1408,1408,0.128128,0.160488,0.257212
1409,1409,0.125063,0.158803,0.251839
1410,1410,0.122307,0.157288,0.246254
1411,1411,0.119869,0.155948,0.240478
1412,1412,0.117761,0.154789,0.234536
1413,1413,0.115991,0.153816,0.228453
1414,1414,0.114566,0.153032,0.222252
1415,1415,0.113493,0.152442,0.21596
1416,1416,0.112774,0.152047,0.209602
1417,1417,0.112414,0.151849,0.203205
1418,1418,0.112414,0.151849,0.196795
1419,1419,0.112774,0.152047,0.190398
1420,1420,0.113493,0.152442,0.18404
1421,1421,0.114566,0.153032,0.177748
1422,1422,0.115991,0.153816,0.171547
1423,1423,0.117761,0.154789,0.165463
1424,1424,0.119869,0.155948,0.159522
1425,1425,0.122307,0.157288,0.153746
1426,1426,0.125063,0.158803,0.148161
1427,1427,0.128128,0.160488,0.142788
1428,1428,0.131488,0.162335,0.137651
1429,1429,0.135129,0.164337,0.13277
1430,1430,0.139037,0.166485,0.128165
1431,1431,0.143195,0.168771,0.123855
1432,1432,0.147587,0.171186,0.119859
1433,1433,0.152194,0.173719,0.116191
1434,1434,0.156998,0.17636,0.112868
1435,1435,0.161978,0.179097,0.109903
1436,1436,0.167115,0.181921,0.107308
1437,1437,0.172387,0.18482,0.105094
1438,1438,0.177772,0.18778,0.103271
1439,1439,0.183249,0.190791,0.101844
1440,1440,0.188794,0.193839,0.100821
1441,1441,0.194385,0.196913,0.100205
1442,1442,0.194817,0.196234,0.299795
1443,1443,0.189655,0.192484,0.299179
1444,1444,0.184535,0.188764,0.298156
1445,1445,0.179479,0.185091,0.296729
1446,1446,0.174507,0.181478,0.294906
1447,1447,0.16964,0.177942,0.292692
1448,1448,0.164898,0.174497,0.290097
1449,1449,0.1603,0.171156,0.287132
1450,1450,0.155865,0.167934,0.283809
1451,1451,0.151612,0.164844,0.280141
1452,1452,0.147557,0.161898,0.276145
1453,1453,0.143718,0.159109,0.271835
1454,1454,0.14011,0.156488,0.26723
1455,1455,0.136749,0.154045,0.262349
1456,1456,0.133647,0.151791,0.257212
1457,1457,0.130818,0.149736,0.251839
1458,1458,0.128273,0.147887,0.246254
1459,1459,0.126022,0.146252,0.240478
1460,1460,0.124076,0.144838,0.234536
1461,1461,0.122442,0.143651,0.228453
1462,1462,0.121127,0.142695,0.222252
1463,1463,0.120135,0.141975,0.21596
1464,1464,0.119472,0.141493,0.209602
1465,1465,0.11914,0.141252,0.203205
1466,1466,0.11914,0.141252,0.196795
1467,1467,0.119472,0.141493,0.190398
1468,1468,0.120135,0.141975,0.18404
1469,1469,0.121127,0.142695,0.177748
1470,1470,0.122442,0.143651,0.171547
1471,1471,0.124076,0.144838,0.165463
1472,1472,0.126022,0.146252,0.159522
1473,1473,0.128273,0.147887,0.153746
1474,1474,0.130818,0.149736,0.148161
1475,1475,0.133647,0.151791,0.142788
1476,1476,0.136749,0.154045,0.137651
1477,1477,0.14011,0.156488,0.13277
1478,1478,0.143718,0.159109,0.128165
1479,1479,0.147557,0.161898,0.123855
1480,1480,0.151612,0.164844,0.119859
1481,1481,0.155865,0.167934,0.116191
1482,1482,0.1603,0.171156,0.112868
1483,1483,0.164898,0.174497,0.109903
1484,1484,0.16964,0.177942,0.107308
1485,1485,0.174507,0.181478,0.105094
1486,1486,0.179479,0.185091,0.103271
1487,1487,0.184535,0.188764,0.101844
1488,1488,0.189655,0.192484,0.100821
1489,1489,0.194817,0.196234,0.100205
1490,1490,0.195329,0.195614,0.299795
1491,1491,0.190678,0.191246,0.299179
1492,1492,0.186065,0.186914,0.298156
1493,1493,0.181509,0.182636,0.296729
1494,1494,0.17703,0.178429,0.294906
1495,1495,0.172644,0.174311,0.292692
1496,1496,0.168371,0.170299,0.290097
1497,1497,0.164228,0.166408,0.287132
1498,1498,0.160232,0.162656,0.283809
1499,1499,0.1564,0.159057,0.280141
1500,1500,0.152746,0.155626,0.276145
1501,1501,0.149287,0.152377,0.271835
1502,1502,0.146036,0.149324,0.26723
1503,1503,0.143007,0.14648,0.262349
1504,1504,0.140212,0.143855,0.257212
1505,1505,0.137663,0.141461,0.251839
1506,1506,0.13537,0.139308,0.246254
1507,1507,0.133342,0.137404,0.240478
1508,1508,0.131589,0.135757,0.234536
1509,1509,0.130116,0.134375,0.228453
1510,1510,0.128931,0.133262,0.222252
1511,1511,0.128038,0.132423,0.21596
1512,1512,0.12744,0.131862,0.209602
1513,1513,0.127141,0.13158,0.203205
1514,1514,0.127141,0.13158,0.196795
1515,1515,0.12744,0.131862,0.190398
1516,1516,0.128038,0.132423,0.18404
1517,1517,0.128931,0.133262,0.177748
1518,1518,0.130116,0.134375,0.171547
1519,1519,0.131589,0.135757,0.165463
1520,1520,0.133342,0.137404,0.159522
1521,1521,0.13537,0.139308,0.153746
1522,1522,0.137663,0.141461,0.148161
1523,1523,0.140212,0.143855,0.142788
1524,1524,0.143007,0.14648,0.137651
1525,1525,0.146036,0.149324,0.13277
1526,1526,0.149287,0.152377,0.128165
1527,1527,0.152746,0.155626,0.123855
1528,1528,0.1564,0.159057,0.119859
1529,1529,0.160232,0.162656,0.116191
1530,1530,0.164228,0.166408,0.112868
1531,1531,0.168371,0.170299,0.109903
1532,1532,0.172644,0.174311,0.107308
1533,1533,0.17703,0.178429,0.105094
1534,1534,0.181509,0.182636,0.103271
1535,1535,0.186065,0.186914,0.101844
1536,1536,0.190678,0.191246,0.100821
1537,1537,0.195329,0.195614,0.100205
1538,1538,0.195916,0.195063,0.299795
1539,1539,0.191849,0.190147,0.299179
1540,1540,0.187815,0.185271,0.298156
1541,1541,0.183831,0.180456,0.296729
1542,1542,0.179914,0.17572,0.294906
1543,1543,0.17608,0.171085,0.292692
1544,1544,0.172343,0.166569,0.290097
1545,1545,0.16872,0.16219,0.287132
1546,1546,0.165226,0.157966,0.283809
1547,1547,0.161875,0.153915,0.280141
1548,1548,0.15868,0.150053,0.276145
1549,1549,0.155656,0.146397,0.271835
1550,1550,0.152813,0.142961,0.26723
1551,1551,0.150164,0.139759,0.262349
1552,1552,0.14772,0.136805,0.257212
1553,1553,0.145491,0.13411,0.251839
1554,1554,0.143486,0.131686,0.246254
1555,1555,0.141713,0.129543,0.240478
1556,1556,0.14018,0.12769,0.234536
1557,1557,0.138892,0.126133,0.228453
1558,1558,0.137856,0.124881,0.222252
1559,1559,0.137075,0.123936,0.21596
1560,1560,0.136552,0.123305,0.209602
1561,1561,0.13629,0.122988,0.203205
1562,1562,0.13629,0.122988,0.196795
1563,1563,0.136552,0.123305,0.190398
1564,1564,0.137075,0.123936,0.18404
1565,1565,0.137856,0.124881,0.177748
1566,1566,0.138892,0.126133,0.171547
1567,1567,0.14018,0.12769,0.165463
1568,1568,0.141713,0.129543,0.159522
1569,1569,0.143486,0.131686,0.153746
1570,1570,0.145491,0.13411,0.148161
1571,1571,0.14772,0.136805,0.142788
1572,1572,0.150164,0.139759,0.137651
1573,1573,0.152813,0.142961,0.13277
1574,1574,0.155656,0.146397,0.128165
1575,1575,0.15868,0.150053,0.123855
1576,1576,0.161875,0.153915,0.119859
1577,1577,0.165226,0.157966,0.116191
1578,1578,0.16872,0.16219,0.112868
1579,1579,0.172343,0.166569,0.109903
1580,1580,0.17608,0.171085,0.107308
1581,1581,0.179914,0.17572,0.105094
1582,1582,0.183831,0.180456,0.103271
1583,1583,0.187815,0.185271,0.101844
1584,1584,0.191849,0.190147,0.100821
1585,1585,0.195916,0.195063,0.100205
1586,1586,0.196567,0.19459,0.299795
1587,1587,0.193148,0.189203,0.299179
1588,1588,0.189757,0.18386,0.298156
1589,1589,0.186409,0.178583,0.296729
1590,1590,0.183116,0.173395,0.294906
1591,1591,0.179892,0.168315,0.292692
1592,1592,0.176751,0.163366,0.290097
1593,1593,0.173706,0.158567,0.287132
1594,1594,0.170769,0.153939,0.283809
1595,1595,0.167952,0.1495,0.280141
1596,1596,0.165266,0.145268,0.276145
1597,1597,0.162723,0.141262,0.271835
1598,1598,0.160334,0.137496,0.26723
1599,1599,0.158107,0.133988,0.262349
1600,1600,0.156053,0.130751,0.257212
1601,1601,0.154179,0.127798,0.251839
1602,1602,0.152494,0.125142,0.246254
1603,1603,0.151003,0.122794,0.240478
1604,1604,0.149714,0.120762,0.234536
1605,1605,0.148632,0.119057,0.228453
1606,1606,0.147761,0.117684,0.222252
1607,1607,0.147104,0.116649,0.21596
1608,1608,0.146665,0.115957,0.209602
1609,1609,0.146445,0.115611,0.203205
1610,1610,0.146445,0.115611,0.196795
1611,1611,0.146665,0.115957,0.190398
1612,1612,0.147104,0.116649,0.18404
1613,1613,0.147761,0.117684,0.177748
1614,1614,0.148632,0.119057,0.171547
1615,1615,0.149714,0.120762,0.165463
1616,1616,0.151003,0.122794,0.159522
1617,1617,0.152494,0.125142,0.153746
1618,1618,0.154179,0.127798,0.148161
1619,1619,0.156053,0.130751,0.142788
1620,1620,0.158107,0.133988,0.137651
1621,1621,0.160334,0.137496,0.13277
1622,1622,0.162723,0.141262,0.128165
1623,1623,0.165266,0.145268,0.123855
1624,1624,0.167952,0.1495,0.119859
1625,1625,0.170769,0.153939,0.116191
1626,1626,0.173706,0.158567,0.112868
1627,1627,0.176751,0.163366,0.109903
1628,1628,0.179892,0.168315,0.107308
1629,1629,0.183116,0.173395,0.105094
1630,1630,0.186409,0.178583,0.103271
1631,1631,0.189757,0.18386,0.101844
1632,1632,0.193148,0.189203,0.100821
1633,1633,0.196567,0.19459,0.100205
1634,1634,0.197272,0.194203,0.299795
1635,1635,0.194555,0.188429,0.299179
1636,1636,0.191861,0.182703,0.298156
1637,1637,0.1892,0.177049,0.296729
1638,1638,0.186583,0.171488,0.294906
1639,1639,0.184022,0.166045,0.292692
1640,1640,0.181526,0.160741,0.290097
1641,1641,0.179106,0.155599,0.287132
1642,1642,0.176772,0.150639,0.283809
1643,1643,0.174534,0.145881,0.280141
1644,1644,0.1724,0.141347,0.276145
1645,1645,0.170379,0.137053,0.271835
1646,1646,0.168481,0.133018,0.26723
1647,1647,0.166711,0.129258,0.262349
1648,1648,0.165079,0.125789,0.257212
1649,1649,0.16359,0.122624,0.251839
1650,1650,0.16225,0.119778,0.246254
1651,1651,0.161066,0.117261,0.240478
1652,1652,0.160042,0.115085,0.234536
1653,1653,0.159182,0.113257,0.228453
1654,1654,0.15849,0.111786,0.222252
1655,1655,0.157968,0.110677,0.21596
1656,1656,0.157619,0.109935,0.209602
1657,1657,0.157444,0.109564,0.203205
1658,1658,0.157444,0.109564,0.196795
1659,1659,0.157619,0.109935,0.190398
1660,1660,0.157968,0.110677,0.18404
1661,1661,0.15849,0.111786,0.177748
1662,1662,0.159182,0.113257,0.171547
1663,1663,0.160042,0.115085,0.165463
1664,1664,0.161066,0.117261,0.159522
1665,1665,0.16225,0.119778,0.153746
1666,1666,0.16359,0.122624,0.148161
1667,1667,0.165079,0.125789,0.142788
1668,1668,0.166711,0.129258,0.137651
1669,1669,0.168481,0.133018,0.13277
1670,1670,0.170379,0.137053,0.128165
1671,1671,0.1724,0.141347,0.123855
1672,1672,0.174534,0.145881,0.119859
1673,1673,0.176772,0.150639,0.116191
1674,1674,0.179106,0.155599,0.112868
1675,1675,0.181526,0.160741,0.109903
1676,1676,0.184022,0.166045,0.107308
1677,1677,0.186583,0.171488,0.105094
1678,1678,0.1892,0.177049,0.103271
1679,1679,0.191861,0.182703,0.101844
1680,1680,0.194555,0.188429,0.100821
1681,1681,0.197272,0.194203,0.100205
1682,1682,0.19802,0.193907,0.299795
1683,1683,0.196048,0.187838,0.299179
1684,1684,0.194093,0.18182,0.298156
1685,1685,0.192162,0.175876,0.296729
1686,1686,0.190263,0.170031,0.294906
1687,1687,0.188404,0.16431,0.292692
1688,1688,0.186592,0.158735,0.290097
1689,1689,0.184836,0.15333,0.287132
1690,1690,0.183142,0.148117,0.283809
1691,1691,0.181517,0.143116,0.280141
1692,1692,0.179969,0.13835,0.276145
1693,1693,0.178502,0.133837,0.271835
1694,1694,0.177124,0.129595,0.26723
1695,1695,0.17584,0.125643,0.262349
1696,1696,0.174655,0.121997,0.257212
1697,1697,0.173575,0.118671,0.251839
1698,1698,0.172603,0.115679,0.246254
1699,1699,0.171743,0.113034,0.240478
1700,1700,0.171,0.110746,0.234536
1701,1701,0.170376,0.108825,0.228453
1702,1702,0.169873,0.107279,0.222252
1703,1703,0.169494,0.106113,0.21596
1704,1704,0.169241,0.105334,0.209602
1705,1705,0.169114,0.104943,0.203205
1706,1706,0.169114,0.104943,0.196795
1707,1707,0.169241,0.105334,0.190398
1708,1708,0.169494,0.106113,0.18404
1709,1709,0.169873,0.107279,0.177748
1710,1710,0.170376,0.108825,0.171547
1711,1711,0.171,0.110746,0.165463
1712,1712,0.171743,0.113034,0.159522
1713,1713,0.172603,0.115679,0.153746
1714,1714,0.173575,0.118671,0.148161
1715,1715,0.174655,0.121997,0.142788
1716,1716,0.17584,0.125643,0.137651
1717,1717,0.177124,0.129595,0.13277
1718,1718,0.178502,0.133837,0.128165
1719,1719,0.179969,0.13835,0.123855
1720,1720,0.181517,0.143116,0.119859
1721,1721,0.183142,0.148117,0.116191
1722,1722,0.184836,0.15333,0.112868
1723,1723,0.186592,0.158735,0.109903
1724,1724,0.188404,0.16431,0.107308
1725,1725,0.190263,0.170031,0.105094
1726,1726,0.192162,0.175876,0.103271
1727,1727,0.194093,0.18182,0.101844
1728,1728,0.196048,0.187838,0.100821
1729,1729,0.19802,0.193907,0.100205
1730,1730,0.198799,0.193706,0.299795
1731,1731,0.197604,0.187439,0.299179
1732,1732,0.196418,0.181223,0.298156
1733,1733,0.195247,0.175084,0.296729
1734,1734,0.194095,0.169047,0.294906
1735,1735,0.192968,0.163138,0.292692
1736,1736,0.19187,0.15738,0.290097
1737,1737,0.190805,0.151797,0.287132
1738,1738,0.189778,0.146413,0.283809
1739,1739,0.188793,0.141248,0.280141
1740,1740,0.187853,0.136325,0.276145
1741,1741,0.186964,0.131664,0.271835
1742,1742,0.186129,0.127283,0.26723
1743,1743,0.18535,0.123202,0.262349
1744,1744,0.184632,0.119436,0.257212
1745,1745,0.183976,0.116,0.251839
1746,1746,0.183387,0.11291,0.246254
1747,1747,0.182866,0.110178,0.240478
1748,1748,0.182415,0.107815,0.234536
1749,1749,0.182036,0.105831,0.228453
1750,1750,0.181732,0.104234,0.222252
1751,1751,0.181502,0.10303,0.21596
1752,1752,0.181348,0.102225,0.209602
1753,1753,0.181271,0.101822,0.203205
1754,1754,0.181271,0.101822,0.196795
1755,1755,0.181348,0.102225,0.190398
1756,1756,0.181502,0.10303,0.18404
1757,1757,0.181732,0.104234,0.177748
1758,1758,0.182036,0.105831,0.171547
1759,1759,0.182415,0.107815,0.165463
1760,1760,0.182866,0.110178,0.159522
1761,1761,0.183387,0.11291,0.153746
1762,1762,0.183976,0.116,0.148161
1763,1763,0.184632,0.119436,0.142788
1764,1764,0.18535,0.123202,0.137651
1765,1765,0.186129,0.127283,0.13277
1766,1766,0.186964,0.131664,0.128165
1767,1767,0.187853,0.136325,0.123855
1768,1768,0.188793,0.141248,0.119859
1769,1769,0.189778,0.146413,0.116191
1770,1770,0.190805,0.151797,0.112868
1771,1771,0.19187,0.15738,0.109903
1772,1772,0.192968,0.163138,0.107308
1773,1773,0.194095,0.169047,0.105094
1774,1774,0.195247,0.175084,0.103271
1775,1775,0.196418,0.181223,0.101844
1776,1776,0.197604,0.187439,0.100821
1777,1777,0.198799,0.193706,0.100205
1778,1778,0.199598,0.193606,0.299795
1779,1779,0.199197,0.187238,0.299179
1780,1780,0.1988,0.180922,0.298156
1781,1781,0.198407,0.174685,0.296729
1782,1782,0.198021,0.168551,0.294906
1783,1783,0.197644,0.162547,0.292692
1784,1784,0.197276,0.156697,0.290097
1785,1785,0.196919,0.151025,0.287132
1786,1786,0.196575,0.145554,0.283809
1787,1787,0.196244,0.140307,0.280141
1788,1788,0.19593,0.135305,0.276145
1789,1789,0.195632,0.130569,0.271835
1790,1790,0.195352,0.126118,0.26723
1791,1791,0.195091,0.121971,0.262349
1792,1792,0.19485,0.118145,0.257212
1793,1793,0.194631,0.114654,0.251839
1794,1794,0.194433,0.111515,0.246254
1795,1795,0.194258,0.108739,0.240478
1796,1796,0.194107,0.106338,0.234536
1797,1797,0.19398,0.104322,0.228453
1798,1798,0.193878,0.1027,0.222252
1799,1799,0.193801,0.101477,0.21596
1800,1800,0.19375,0.100659,0.209602
1801,1801,0.193724,0.100249,0.203205
1802,1802,0.193724,0.100249,0.196795
1803,1803,0.19375,0.100659,0.190398
1804,1804,0.193801,0.101477,0.18404
1805,1805,0.193878,0.1027,0.177748
1806,1806,0.19398,0.104322,0.171547
1807,1807,0.194107,0.106338,0.165463
1808,1808,0.194258,0.108739,0.159522
1809,1809,0.194433,0.111515,0.153746
1810,1810,0.194631,0.114654,0.148161
1811,1811,0.19485,0.118145,0.142788
1812,1812,0.195091,0.121971,0.137651
1813,1813,0.195352,0.126118,0.13277
1814,1814,0.195632,0.130569,0.128165
1815,1815,0.19593,0.135305,0.123855
1816,1816,0.196244,0.140307,0.119859
1817,1817,0.196575,0.145554,0.116191
1818,1818,0.196919,0.151025,0.112868
1819,1819,0.197276,0.156697,0.109903
1820,1820,0.197644,0.162547,0.107308
1821,1821,0.198021,0.168551,0.105094
1822,1822,0.198407,0.174685,0.103271
1823,1823,0.1988,0.180922,0.101844
1824,1824,0.199197,0.187238,0.100821
1825,1825,0.199598,0.193606,0.100205
1826,1826,0.200402,0.193606,0.299795
1827,1827,0.200803,0.187238,0.299179
1828,1828,0.2012,0.180922,0.298156
1829,1829,0.201593,0.174685,0.296729
1830,1830,0.201979,0.168551,0.294906
1831,1831,0.202356,0.162547,0.292692
1832,1832,0.202724,0.156697,0.290097
1833,1833,0.203081,0.151025,0.287132
1834,1834,0.203425,0.145554,0.283809
1835,1835,0.203756,0.140307,0.280141
1836,1836,0.20407,0.135305,0.276145
1837,1837,0.204368,0.130569,0.271835
1838,1838,0.204648,0.126118,0.26723
1839,1839,0.204909,0.121971,0.262349
1840,1840,0.20515,0.118145,0.257212
1841,1841,0.205369,0.114654,0.251839
1842,1842,0.205567,0.111515,0.246254
1843,1843,0.205742,0.108739,0.240478
1844,1844,0.205893,0.106338,0.234536
1845,1845,0.20602,0.104322,0.228453
1846,1846,0.206122,0.1027,0.222252
1847,1847,0.206199,0.101477,0.21596
1848,1848,0.20625,0.100659,0.209602
1849,1849,0.206276,0.100249,0.203205
1850,1850,0.206276,0.100249,0.196795
1851,1851,0.20625,0.100659,0.190398
1852,1852,0.206199,0.101477,0.18404
1853,1853,0.206122,0.1027,0.177748
1854,1854,0.20602,0.104322,0.171547
1855,1855,0.205893,0.106338,0.165463
1856,1856,0.205742,0.108739,0.159522
1857,1857,0.205567,0.111515,0.153746
1858,1858,0.205369,0.114654,0.148161
1859,1859,0.20515,0.118145,0.142788
1860,1860,0.204909,0.121971,0.137651
1861,1861,0.204648,0.126118,0.13277
1862,1862,0.204368,0.130569,0.128165
1863,1863,0.20407,0.135305,0.123855
1864,1864,0.203756,0.140307,0.119859
1865,1865,0.203425,0.145554,0.116191
1866,1866,0.203081,0.151025,0.112868
1867,1867,0.202724,0.156697,0.109903
1868,1868,0.202356,0.162547,0.107308
1869,1869,0.201979,0.168551,0.105094
1870,1870,0.201593,0.174685,0.103271
1871,1871,0.2012,0.180922,0.101844
1872,1872,0.200803,0.187238,0.100821
1873,1873,0.200402,0.193606,0.100205
1874,1874,0.201201,0.193706,0.299795
1875,1875,0.202396,0.187439,0.299179
1876,1876,0.203582,0.181223,0.298156
1877,1877,0.204753,0.175084,0.296729
1878,1878,0.205905,0.169047,0.294906
1879,1879,0.207032,0.163138,0.292692
1880,1880,0.20813,0.15738,0.290097
1881,1881,0.209195,0.151797,0.287132
1882,1882,0.210222,0.146413,0.283809
1883,1883,0.211207,0.141248,0.280141
1884,1884,0.212147,0.136325,0.276145
1885,1885,0.213036,0.131664,0.271835
1886,1886,0.213871,0.127283,0.26723
1887,1887,0.21465,0.123202,0.262349
1888,1888,0.215368,0.119436,0.257212
1889,1889,0.216024,0.116,0.251839
1890,1890,0.216613,0.11291,0.246254
1891,1891,0.217134,0.110178,0.240478
1892,1892,0.217585,0.107815,0.234536
1893,1893,0.217964,0.105831,0.228453
1894,1894,0.218268,0.104234,0.222252
1895,1895,0.218498,0.10303,0.21596
1896,1896,0.218652,0.102225,0.209602
1897,1897,0.218728,0.101822,0.203205
1898,1898,0.218728,0.101822,0.196795
1899,1899,0.218652,0.102225,0.190398
1900,1900,0.218498,0.10303,0.18404
1901,1901,0.218268,0.104234,0.177748
1902,1902,0.217964,0.105831,0.171547
1903,1903,0.217585,0.107815,0.165463
1904,1904,0.217134,0.110178,0.159522
1905,1905,0.216613,0.11291,0.153746
1906,1906,0.216024,0.116,0.148161
1907,1907,0.215368,0.119436,0.142788
1908,1908,0.21465,0.123202,0.137651
1909,1909,0.213871,0.127283,0.13277
1910,1910,0.213036,0.131664,0.128165
1911,1911,0.212147,0.136325,0.123855
1912,1912,0.211207,0.141248,0.119859
1913,1913,0.210222,0.146413,0.116191
1914,1914,0.209195,0.151797,0.112868
1915,1915,0.20813,0.15738,0.109903
1916,1916,0.207032,0.163138,0.107308
1917,1917,0.205905,0.169047,0.105094
1918,1918,0.204753,0.175084,0.103271
1919,1919,0.203582,0.181223,0.101844
1920,1920,0.202396,0.187439,0.100821
1921,1921,0.201201,0.193706,0.100205
1922,1922,0.20198,0.193907,0.299795
1923,1923,0.203952,0.187838,0.299179
1924,1924,0.205907,0.18182,0.298156
1925,1925,0.207838,0.175876,0.296729
1926,1926,0.209737,0.170031,0.294906
1927,1927,0.211596,0.16431,0.292692
1928,1928,0.213408,0.158735,0.290097
1929,1929,0.215164,0.15333,0.287132
1930,1930,0.216858,0.148117,0.283809
1931,1931,0.218483,0.143116,0.280141
1932,1932,0.220031,0.13835,0.276145
1933,1933,0.221498,0.133837,0.271835
1934,1934,0.222876,0.129595,0.26723
1935,1935,0.22416,0.125643,0.262349
1936,1936,0.225345,0.121997,0.257212
1937,1937,0.226425,0.118671,0.251839
1938,1938,0.227397,0.115679,0.246254
1939,1939,0.228257,0.113034,0.240478
1940,1940,0.229,0.110746,0.234536
1941,1941,0.229624,0.108825,0.228453
1942,1942,0.230127,0.107279,0.222252
1943,1943,0.230506,0.106113,0.21596
1944,1944,0.230759,0.105334,0.209602
1945,1945,0.230886,0.104943,0.203205
1946,1946,0.230886,0.104943,0.196795
1947,1947,0.230759,0.105334,0.190398
1948,1948,0.230506,0.106113,0.18404
1949,1949,0.230127,0.107279,0.177748
1950,1950,0.229624,0.108825,0.171547
1951,1951,0.229,0.110746,0.165463
1952,1952,0.228257,0.113034,0.159522
1953,1953,0.227397,0.115679,0.153746
1954,1954,0.226425,0.118671,0.148161
1955,1955,0.225345,0.121997,0.142788
1956,1956,0.22416,0.125643,0.137651
1957,1957,0.222876,0.129595,0.13277
1958,1958,0.221498,0.133837,0.128165
1959,1959,0.220031,0.13835,0.123855
1960,1960,0.218483,0.143116,0.119859
1961,1961,0.216858,0.148117,0.116191
1962,1962,0.215164,0.15333,0.112868
1963,1963,0.213408,0.158735,0.109903
1964,1964,0.211596,0.16431,0.107308
1965,1965,0.209737,0.170031,0.105094
1966,1966,0.207838,0.175876,0.103271
1967,1967,0.205907,0.18182,0.101844
1968,1968,0.203952,0.187838,0.100821
1969,1969,0.20198,0.193907,0.100205
1970,1970,0.202728,0.194203,0.299795
1971,1971,0.205445,0.188429,0.299179
1972,1972,0.208139,0.182703,0.298156
1973,1973,0.2108,0.177049,0.296729
1974,1974,0.213417,0.171488,0.294906
1975,1975,0.215978,0.166045,0.292692
1976,1976,0.218474,0.160741,0.290097
1977,1977,0.220894,0.155599,0.287132
1978,1978,0.223228,0.150639,0.283809
1979,1979,0.225466,0.145881,0.280141
1980,1980,0.2276,0.141347,0.276145
1981,1981,0.229621,0.137053,0.271835
1982,1982,0.23152,0.133018,0.26723
1983,1983,0.233289,0.129258,0.262349
1984,1984,0.234921,0.125789,0.257212
1985,1985,0.23641,0.122624,0.251839
1986,1986,0.23775,0.119778,0.246254
1987,1987,0.238934,0.117261,0.240478
1988,1988,0.239958,0.115085,0.234536
1989,1989,0.240818,0.113257,0.228453
1990,1990,0.24151,0.111786,0.222252
1991,1991,0.242032,0.110677,0.21596
1992,1992,0.242381,0.109935,0.209602
1993,1993,0.242556,0.109564,0.203205
1994,1994,0.242556,0.109564,0.196795
1995,1995,0.242381,0.109935,0.190398
1996,1996,0.242032,0.110677,0.18404
1997,1997,0.24151,0.111786,0.177748
1998,1998,0.240818,0.113257,0.171547
1999,1999,0.239958,0.115085,0.165463
2000,2000,0.238934,0.117261,0.159522
2001,2001,0.23775,0.119778,0.153746
2002,2002,0.23641,0.122624,0.148161
2003,2003,0.234921,0.125789,0.142788
2004,2004,0.233289,0.129258,0.137651
2005,2005,0.23152,0.133018,0.13277
2006,2006,0.229621,0.137053,0.128165
2007,2007,0.2276,0.141347,0.123855
2008,2008,0.225466,0.145881,0.119859
2009,2009,0.223228,0.150639,0.116191
2010,2010,0.220894,0.155599,0.112868
2011,2011,0.218474,0.160741,0.109903
2012,2012,0.215978,0.166045,0.107308
2013,2013,0.213417,0.171488,0.105094
2014,2014,0.2108,0.177049,0.103271
2015,2015,0.208139,0.182703,0.101844
2016,2016,0.205445,0.188429,0.100821
2017,2017,0.202728,0.194203,0.100205
2018,2018,0.203433,0.19459,0.299795
2019,2019,0.206852,0.189203,0.299179
2020,2020,0.210243,0.18386,0.298156
2021,2021,0.213591,0.178583,0.296729
2022,2022,0.216884,0.173395,0.294906
2023,2023,0.220108,0.168315,0.292692
2024,2024,0.223249,0.163366,0.290097
2025,2025,0.226294,0.158567,0.287132
2026,2026,0.229231,0.153939,0.283809
2027,2027,0.232048,0.1495,0.280141
2028,2028,0.234734,0.145268,0.276145
2029,2029,0.237277,0.141262,0.271835
2030,2030,0.239666,0.137496,0.26723
2031,2031,0.241893,0.133988,0.262349
2032,2032,0.243947,0.130751,0.257212
2033,2033,0.245821,0.127798,0.251839
2034,2034,0.247506,0.125142,0.246254
2035,2035,0.248997,0.122794,0.240478
2036,2036,0.250286,0.120762,0.234536
2037,2037,0.251368,0.119057,0.228453
2038,2038,0.252239,0.117684,0.222252
2039,2039,0.252896,0.116649,0.21596
2040,2040,0.253335,0.115957,0.209602
2041,2041,0.253555,0.115611,0.203205
2042,2042,0.253555,0.115611,0.196795
2043,2043,0.253335,0.115957,0.190398
2044,2044,0.252896,0.116649,0.18404
2045,2045,0.252239,0.117684,0.177748
2046,2046,0.251368,0.119057,0.171547
2047,2047,0.250286,0.120762,0.165463
2048,2048,0.248997,0.122794,0.159522
2049,2049,0.247506,0.125142,0.153746
2050,2050,0.245821,0.127798,0.148161
2051,2051,0.243947,0.130751,0.142788
2052,2052,0.241893,0.133988,0.137651
2053,2053,0.239666,0.137496,0.13277
2054,2054,0.237277,0.141262,0.128165
2055,2055,0.234734,0.145268,0.123855
2056,2056,0.232048,0.1495,0.119859
2057,2057,0.229231,0.153939,0.116191
2058,2058,0.226294,0.158567,0.112868
2059,2059,0.223249,0.163366,0.109903
2060,2060,0.220108,0.168315,0.107308
2061,2061,0.216884,0.173395,0.105094
2062,2062,0.213591,0.178583,0.103271
2063,2063,0.210243,0.18386,0.101844
2064,2064,0.206852,0.189203,0.100821
2065,2065,0.203433,0.19459,0.100205
2066,2066,0.204084,0.195063,0.299795
2067,2067,0.208151,0.190147,0.299179
2068,2068,0.212185,0.185271,0.298156
2069,2069,0.216169,0.180456,0.296729
2070,2070,0.220086,0.17572,0.294906
2071,2071,0.22392,0.171085,0.292692
2072,2072,0.227657,0.166569,0.290097
2073,2073,0.23128,0.16219,0.287132
2074,2074,0.234774,0.157966,0.283809
2075,2075,0.238125,0.153915,0.280141
2076,2076,0.24132,0.150053,0.276145
2077,2077,0.244344,0.146397,0.271835
2078,2078,0.247187,0.142961,0.26723
2079,2079,0.249836,0.139759,0.262349
2080,2080,0.25228,0.136805,0.257212
2081,2081,0.254509,0.13411,0.251839
2082,2082,0.256514,0.131686,0.246254
2083,2083,0.258287,0.129543,0.240478
2084,2084,0.25982,0.12769,0.234536
2085,2085,0.261108,0.126133,0.228453
2086,2086,0.262144,0.124881,0.222252
2087,2087,0.262925,0.123936,0.21596
2088,2088,0.263448,0.123305,0.209602
2089,2089,0.26371,0.122988,0.203205
2090,2090,0.26371,0.122988,0.196795
2091,2091,0.263448,0.123305,0.190398
2092,2092,0.262925,0.123936,0.18404
2093,2093,0.262144,0.124881,0.177748
2094,2094,0.261108,0.126133,0.171547
2095,2095,0.25982,0.12769,0.165463
2096,2096,0.258287,0.129543,0.159522
2097,2097,0.256514,0.131686,0.153746
2098,2098,0.254509,0.13411,0.148161
2099,2099,0.25228,0.136805,0.142788
2100,2100,0.249836,0.139759,0.137651
2101,2101,0.247187,0.142961,0.13277
2102,2102,0.244344,0.146397,0.128165
2103,2103,0.24132,0.150053,0.123855
2104,2104,0.238125,0.153915,0.119859
2105,2105,0.234774,0.157966,0.116191
2106,2106,0.23128,0.16219,0.112868
2107,2107,0.227657,0.166569,0.109903
2108,2108,0.22392,0.171085,0.107308
2109,2109,0.220086,0.17572,0.105094
2110,2110,0.216169,0.180456,0.103271
2111,2111,0.212185,0.185271,0.101844
2112,2112,0.208151,0.190147,0.100821
2113,2113,0.204084,0.195063,0.100205
2114,2114,0.204671,0.195614,0.299795
2115,2115,0.209322,0.191246,0.299179
2116,2116,0.213935,0.186914,0.298156
2117,2117,0.218491,0.182636,0.296729
2118,2118,0.22297,0.178429,0.294906
2119,2119,0.227356,0.174311,0.292692
2120,2120,0.231629,0.170299,0.290097
2121,2121,0.235772,0.166408,0.287132
2122,2122,0.239768,0.162656,0.283809
2123,2123,0.2436,0.159057,0.280141
2124,2124,0.247254,0.155626,0.276145
2125,2125,0.250713,0.152377,0.271835
2126,2126,0.253964,0.149324,0.26723
2127,2127,0.256993,0.14648,0.262349
2128,2128,0.259788,0.143855,0.257212
2129,2129,0.262337,0.141461,0.251839
2130,2130,0.26463,0.139308,0.246254
2131,2131,0.266658,0.137404,0.240478
2132,2132,0.268411,0.135757,0.234536
2133,2133,0.269884,0.134375,0.228453
2134,2134,0.271069,0.133262,0.222252
2135,2135,0.271962,0.132423,0.21596
2136,2136,0.27256,0.131862,0.209602
2137,2137,0.272859,0.13158,0.203205
2138,2138,0.272859,0.13158,0.196795
2139,2139,0.27256,0.131862,0.190398
2140,2140,0.271962,0.132423,0.18404
2141,2141,0.271069,0.133262,0.177748
2142,2142,0.269884,0.134375,0.171547
2143,2143,0.268411,0.135757,0.165463
2144,2144,0.266658,0.137404,0.159522
2145,2145,0.26463,0.139308,0.153746
2146,2146,0.262337,0.141461,0.148161
2147,2147,0.259788,0.143855,0.142788
2148,2148,0.256993,0.14648,0.137651
2149,2149,0.253964,0.149324,0.13277
2150,2150,0.250713,0.152377,0.128165
2151,2151,0.247254,0.155626,0.123855
2152,2152,0.2436,0.159057,0.119859
2153,2153,0.239768,0.162656,0.116191
2154,2154,0.235772,0.166408,0.112868
2155,2155,0.231629,0.170299,0.109903
2156,2156,0.227356,0.174311,0.107308
2157,2157,0.22297,0.178429,0.105094
2158,2158,0.218491,0.182636,0.103271
2159,2159,0.213935,0.186914,0.101844
2160,2160,0.209322,0.191246,0.100821
2161,2161,0.204671,0.195614,0.100205
2162,2162,0.205183,0.196234,0.299795
2163,2163,0.210345,0.192484,0.299179
2164,2164,0.215465,0.188764,0.298156
2165,2165,0.220521,0.185091,0.296729
2166,2166,0.225493,0.181478,0.294906
2167,2167,0.23036,0.177942,0.292692
2168,2168,0.235102,0.174497,0.290097
2169,2169,0.2397,0.171156,0.287132
2170,2170,0.244135,0.167934,0.283809
2171,2171,0.248388,0.164844,0.280141
2172,2172,0.252443,0.161898,0.276145
2173,2173,0.256282,0.159109,0.271835
2174,2174,0.25989,0.156488,0.26723
2175,2175,0.263251,0.154045,0.262349
2176,2176,0.266353,0.151791,0.257212
2177,2177,0.269183,0.149736,0.251839
2178,2178,0.271727,0.147887,0.246254
2179,2179,0.273978,0.146252,0.240478
2180,2180,0.275924,0.144838,0.234536
2181,2181,0.277558,0.143651,0.228453
2182,2182,0.278873,0.142695,0.222252
2183,2183,0.279865,0.141975,0.21596
2184,2184,0.280528,0.141493,0.209602
2185,2185,0.28086,0.141252,0.203205
2186,2186,0.28086,0.141252,0.196795
2187,2187,0.280528,0.141493,0.190398
2188,2188,0.279865,0.141975,0.18404
2189,2189,0.278873,0.142695,0.177748
2190,2190,0.277558,0.143651,0.171547
2191,2191,0.275924,0.144838,0.165463
2192,2192,0.273978,0.146252,0.159522
2193,2193,0.271727,0.147887,0.153746
2194,2194,0.269183,0.149736,0.148161
2195,2195,0.266353,0.151791,0.142788
2196,2196,0.263251,0.154045,0.137651
2197,2197,0.25989,0.156488,0.13277
2198,2198,0.256282,0.159109,0.128165
2199,2199,0.252443,0.161898,0.123855
2200,2200,0.248388,0.164844,0.119859
2201,2201,0.244135,0.167934,0.116191
2202,2202,0.2397,0.171156,0.112868
2203,2203,0.235102,0.174497,0.109903
2204,2204,0.23036,0.177942,0.107308
2205,2205,0.225493,0.181478,0.105094
2206,2206,0.220521,0.185091,0.103271
2207,2207,0.215465,0.188764,0.101844
2208,2208,0.210345,0.192484,0.100821
2209,2209,0.205183,0.196234,0.100205
2210,2210,0.205615,0.196913,0.299795
2211,2211,0.211206,0.193839,0.299179
2212,2212,0.216751,0.190791,0.298156
2213,2213,0.222228,0.18778,0.296729
2214,2214,0.227613,0.18482,0.294906
2215,2215,0.232885,0.181921,0.292692
2216,2216,0.238022,0.179097,0.290097
2217,2217,0.243002,0.17636,0.287132
2218,2218,0.247806,0.173719,0.283809
2219,2219,0.252413,0.171186,0.280141
2220,2220,0.256805,0.168771,0.276145
2221,2221,0.260963,0.166485,0.271835
2222,2222,0.264871,0.164337,0.26723
2223,2223,0.268512,0.162335,0.262349
2224,2224,0.271872,0.160488,0.257212
2225,2225,0.274937,0.158803,0.251839
2226,2226,0.277693,0.157288,0.246254
2227,2227,0.280131,0.155948,0.240478
2228,2228,0.282239,0.154789,0.234536
2229,2229,0.284009,0.153816,0.228453
2230,2230,0.285434,0.153032,0.222252
2231,2231,0.286507,0.152442,0.21596
2232,2232,0.287226,0.152047,0.209602
2233,2233,0.287586,0.151849,0.203205
2234,2234,0.287586,0.151849,0.196795
2235,2235,0.287226,0.152047,0.190398
2236,2236,0.286507,0.152442,0.18404
2237,2237,0.285434,0.153032,0.177748
2238,2238,0.284009,0.153816,0.171547
2239,2239,0.282239,0.154789,0.165463
2240,2240,0.280131,0.155948,0.159522
2241,2241,0.277693,0.157288,0.153746
2242,2242,0.274937,0.158803,0.148161
2243,2243,0.271872,0.160488,0.142788
2244,2244,0.268512,0.162335,0.137651
2245,2245,0.264871,0.164337,0.13277
2246,2246,0.260963,0.166485,0.128165
2247,2247,0.256805,0.168771,0.123855
2248,2248,0.252413,0.171186,0.119859
2249,2249,0.247806,0.173719,0.116191
2250,2250,0.243002,0.17636,0.112868
2251,2251,0.238022,0.179097,0.109903
2252,2252,0.232885,0.181921,0.107308
2253,2253,0.227613,0.18482,0.105094
2254,2254,0.222228,0.18778,0.103271
2255,2255,0.216751,0.190791,0.101844
2256,2256,0.211206,0.193839,0.100821
2257,2257,0.205615,0.196913,0.100205
2258,2258,0.205957,0.197641,0.299795
2259,2259,0.21189,0.195293,0.299179
2260,2260,0.217773,0.192963,0.298156
2261,2261,0.223584,0.190662,0.296729
2262,2262,0.229298,0.1884,0.294906
2263,2263,0.234891,0.186185,0.292692
2264,2264,0.240341,0.184028,0.290097
2265,2265,0.245626,0.181935,0.287132
2266,2266,0.250723,0.179918,0.283809
2267,2267,0.255611,0.177982,0.280141
2268,2268,0.260271,0.176137,0.276145
2269,2269,0.264683,0.17439,0.271835
2270,2270,0.268829,0.172749,0.26723
2271,2271,0.272693,0.171219,0.262349
2272,2272,0.276258,0.169807,0.257212
2273,2273,0.279509,0.16852,0.251839
2274,2274,0.282434,0.167362,0.246254
2275,2275,0.28502,0.166338,0.240478
2276,2276,0.287257,0.165453,0.234536
2277,2277,0.289135,0.164709,0.228453
2278,2278,0.290646,0.164111,0.222252
2279,2279,0.291786,0.163659,0.21596
2280,2280,0.292548,0.163358,0.209602
2281,2281,0.29293,0.163206,0.203205
2282,2282,0.29293,0.163206,0.196795
2283,2283,0.292548,0.163358,0.190398
2284,2284,0.291786,0.163659,0.18404
2285,2285,0.290646,0.164111,0.177748
2286,2286,0.289135,0.164709,0.171547
2287,2287,0.287257,0.165453,0.165463
2288,2288,0.28502,0.166338,0.159522
2289,2289,0.282434,0.167362,0.153746
2290,2290,0.279509,0.16852,0.148161
2291,2291,0.276258,0.169807,0.142788
2292,2292,0.272693,0.171219,0.137651
2293,2293,0.268829,0.172749,0.13277
2294,2294,0.264683,0.17439,0.128165
2295,2295,0.260271,0.176137,0.123855
2296,2296,0.255611,0.177982,0.119859
2297,2297,0.250723,0.179918,0.116191
2298,2298,0.245626,0.181935,0.112868
2299,2299,0.240341,0.184028,0.109903
2300,2300,0.234891,0.186185,0.107308
2301,2301,0.229298,0.1884,0.105094
2302,2302,0.223584,0.190662,0.103271
2303,2303,0.217773,0.192963,0.101844
2304,2304,0.21189,0.195293,0.100821
2305,2305,0.205957,0.197641,0.100205
2306,2306,0.206206,0.198407,0.299795
2307,2307,0.212386,0.19682,0.299179
2308,2308,0.218515,0.195246,0.298156
2309,2309,0.224569,0.193692,0.296729
2310,2310,0.230521,0.192164,0.294906
2311,2311,0.236348,0.190667,0.292692
2312,2312,0.242025,0.18921,0.290097
2313,2313,0.24753,0.187796,0.287132
2314,2314,0.25284,0.186433,0.283809
2315,2315,0.257932,0.185126,0.280141
2316,2316,0.262786,0.183879,0.276145
2317,2317,0.267383,0.182699,0.271835
2318,2318,0.271702,0.18159,0.26723
2319,2319,0.275727,0.180557,0.262349
2320,2320,0.27944,0.179603,0.257212
2321,2321,0.282828,0.178733,0.251839
2322,2322,0.285875,0.177951,0.246254
2323,2323,0.288568,0.177259,0.240478
2324,2324,0.290898,0.176661,0.234536
2325,2325,0.292855,0.176159,0.228453
2326,2326,0.29443,0.175755,0.222252
2327,2327,0.295617,0.17545,0.21596
2328,2328,0.296411,0.175246,0.209602
2329,2329,0.296809,0.175144,0.203205
2330,2330,0.296809,0.175144,0.196795
2331,2331,0.296411,0.175246,0.190398
2332,2332,0.295617,0.17545,0.18404
2333,2333,0.29443,0.175755,0.177748
2334,2334,0.292855,0.176159,0.171547
2335,2335,0.290898,0.176661,0.165463
2336,2336,0.288568,0.177259,0.159522
2337,2337,0.285875,0.177951,0.153746
2338,2338,0.282828,0.178733,0.148161
2339,2339,0.27944,0.179603,0.142788
2340,2340,0.275727,0.180557,0.137651
2341,2341,0.271702,0.18159,0.13277
2342,2342,0.267383,0.182699,0.128165
2343,2343,0.262786,0.183879,0.123855
2344,2344,0.257932,0.185126,0.119859
2345,2345,0.25284,0.186433,0.116191
2346,2346,0.24753,0.187796,0.112868
2347,2347,0.242025,0.18921,0.109903
2348,2348,0.236348,0.190667,0.107308
2349,2349,0.230521,0.192164,0.105094
2350,2350,0.224569,0.193692,0.103271
2351,2351,0.218515,0.195246,0.101844
2352,2352,0.212386,0.19682,0.100821
2353,2353,0.206206,0.198407,0.100205
2354,2354,0.206356,0.199197,0.299795
2355,2355,0.212687,0.198397,0.299179
2356,2356,0.218965,0.197604,0.298156
2357,2357,0.225165,0.196821,0.296729
2358,2358,0.231262,0.196051,0.294906
2359,2359,0.237231,0.195297,0.292692
2360,2360,0.243046,0.194562,0.290097
2361,2361,0.248685,0.19385,0.287132
2362,2362,0.254123,0.193163,0.283809
2363,2363,0.259339,0.192504,0.280141
2364,2364,0.264312,0.191876,0.276145
2365,2365,0.26902,0.191281,0.271835
2366,2366,0.273444,0.190722,0.26723
2367,2367,0.277567,0.190201,0.262349
2368,2368,0.28137,0.189721,0.257212
2369,2369,0.28484,0.189282,0.251839
2370,2370,0.287961,0.188888,0.246254
2371,2371,0.29072,0.188539,0.240478
2372,2372,0.293107,0.188238,0.234536
2373,2373,0.295111,0.187985,0.228453
2374,2374,0.296724,0.187781,0.222252
2375,2375,0.29794,0.187627,0.21596
2376,2376,0.298753,0.187525,0.209602
2377,2377,0.299161,0.187473,0.203205
2378,2378,0.299161,0.187473,0.196795
2379,2379,0.298753,0.187525,0.190398
2380,2380,0.29794,0.187627,0.18404
2381,2381,0.296724,0.187781,0.177748
2382,2382,0.295111,0.187985,0.171547
2383,2383,0.293107,0.188238,0.165463
2384,2384,0.29072,0.188539,0.159522
2385,2385,0.287961,0.188888,0.153746
2386,2386,0.28484,0.189282,0.148161
2387,2387,0.28137,0.189721,0.142788
2388,2388,0.277567,0.190201,0.137651
2389,2389,0.273444,0.190722,0.13277
2390,2390,0.26902,0.191281,0.128165
2391,2391,0.264312,0.191876,0.123855
2392,2392,0.259339,0.192504,0.119859
2393,2393,0.254123,0.193163,0.116191
2394,2394,0.248685,0.19385,0.112868
2395,2395,0.243046,0.194562,0.109903
2396,2396,0.237231,0.195297,0.107308
2397,2397,0.231262,0.196051,0.105094
2398,2398,0.225165,0.196821,0.103271
2399,2399,0.218965,0.197604,0.101844
2400,2400,0.212687,0.198397,0.100821
2401,2401,0.206356,0.199197,0.100205
